This Is The Only Kim And Kanye Wedding Photo That You Need To See,[]
13 Questions To Which The Answer Is Actually “False”,[13]
10 Best Celeb Selfies From Radio 1’s Big Weekend In Glasgow,[10]
32 Pictures That Will Change The Way You See The World,[32]
The Croatian World Cup Team Celebrated Losing To Brazil By Swimming Naked Together,[]
28 Easy And Healthy Breakfasts You Can Eat On The Go,[28]
What Kind Of Bride Will You Be?,[]
"What Your Favorite ""Star Wars"" Character Says About You",[]
15 Things You Didn't Know Your iPhone Could Do,[15]
Here’s How To Gross Out Everyone With A Photo Of Your Eye,[]
15 Tips For The Perfect Destination Wedding,[15]
How A British Blogger Became An Unlikely Star Of The Ukraine Conflict — And Russia Today,[]
26 Things That Will Turn Your Bad Day Around In An Instant,[26]
Here Is Definitive Proof That This Season Of “Game Of Thrones” Was Basically Just “The Princess Bride”,[]
10 Signs The Future Is Already Here,[10]
Jimmy Kimmel Got People To Stand Next To Their Father And Admit To A Lie They Had Told,[]
How Many Life Skills Do You Have?,[]
11 Tips About Job Interviews That Are Actually Wrong,[11]
Which Cute Thing Are You?,[]
"For Everyone Whose Sexual Awakening Was Caused By David Bowie In ""Labyrinth""",[]
11 Push Notifications You Wish Your Phone Could Give You,[11]
20 Wonderful Films Set In NYC That You Should Definitely See,[20]
The 20 Most Insane Crimes Involving Bananas,[20]
29 People Who Are Worse At Thinking Things Through Than You,[29]
64 Thoughts Every Cat Has When Brought Home For The First Time,[64]
23 Reasons You Should Drop Everything And Move To Australia,[23]
An Illustrated Guide To Slowed-Down “Drunk In Love”,[]
Which Australian City Should You Travel To?,[]
20 Puppies Cuddling With Their Stuffed Animals During Nap Time,[20]
Andrew Garfield And Emma Stone Send Another Message To The Paparazzi,[]
15 Horrifying Things That Happen When You Get A Retainer,[15]
19 Struggles You’ll Only Understand If Your Parents Taught At Your School,[19]
13 Life Hacks That Will Impress Your Dad,[13]
Big Boi’s Shirts Are The Most Underrated Member Of Outkast,[]
27 Things You Know When You’re The Only Vegan In The Village,[27]
What Type Of Video Game Is Your Life?,[]
17 Splendid Places For Outdoor Swimming In London,[17]
Proof That Billy Joel Is More Punk Than You’ll Ever Be,[]
24 Problems People Who Don’t Drink Will Understand,[24]
What 13 States Aren’t Telling You About How They Execute Prisoners,[13]
An Oregon Couple Rushed Through Their Wedding Because Of A Wildfire And The Photos Are Breathtaking,[]
22 Exciting Ways To Cook With Chia Seeds,[22]
23 People You Know Are Definitely Dead Now,[23]
Delta Airlines Apologizes For Tweet Depicting Ghana With A Giraffe,[]
13 Reasons To Never Have A Cat Roommate,[13]
17 Easy Steps To Nailing Your Friend's Wedding,[17]
28 Incredibly Touching Photos Of Fathers Seeing Their Babies For The First Time,[28]
Three Photos That Prove Lionel Messi Is The Best Player On Earth,[]
Terrifying Killer Clown Prank Returns And Remains The Worst Thing Ever,[]
The Bodies Of 800 Babies Were Found In The Septic Tank Of A Former Home For Unwed Mothers In Ireland,[800]
38 Reasons Why H.E.B. Is The Best Dang Grocery Store In The World,[38]
13 Reasons To Think About Your Dream Job From Childhood,[13]
The Easiest Way To Understand Fútbol If You Love Football,[]
"Hackers Threaten To Release Domino’s Pizza Customer Data, Including Favorite Toppings",[]
27 Grindr Users Who Failed So Hard They Almost Won,[27]
13 Unexpectedly Intimate Soccer Moments,[13]
What Kind Of Person Are You Actually?,[]
74 Thoughts All First Time Home Buyers Have,[74]
"Missouri Town Discovers People Don't Like Vacationing Around Angry People Openly Carrying...
on thinkprogress.org ›",[]
16 Secrets For Shopping At Target That Will Blow Your Mind,[16]
16 People Who Found Adventure In Unexpected Places,[16]
24 Questions Disney Left Unanswered,[24]
18 Words That Had A Totally Different Meaning In The ’00s,[18]
23 Things Only People Who Made It Out Of Their Hometown Will Understand,[23]
15 Cats Who Think Their Poo Don't Stink,[15]
28 Unbelievably Dumb Questions That Still Need To Be Resolved,[28]
19 Things Only People Who Grew Up With MSN Messenger Will Understand,[19]
"17 Reasons Why You're Obsessed With ""Teen Wolf""",[17]
The 42 Most Pure Dead Brilliantly Scottish Moments Ever,[42]
15 Signs You're Too Quirky For Your Own Good,[15]
12 People Who Will Ruin Your Vacation Every Time,[12]
21 Terrible Yelp Reviews Of The Fanciest Restaurants In America,[21]
24 Of The Most Exhausted Parents Ever,[24]
21 Groan-Worthy Jokes To Tell Your Dad On Father’s Day,[21]
14 Reasons Why Your Cat Is The Boss In The Relationship,[14]
This Couple Just Had The Ultimate Geek Wedding,[]
25 Times Subtitles Failed So Magnificently They Almost Won,[25]
10 Unspoken Rules For Watching Soccer In Public,[10]
These Maps Show A Massive Gender Gap in Bicycle-Riding,[]
"What Is “Creepypasta,” Who Is Slender Man, And What Caused The Vicious Stabbing Of A 12-Year-Old Girl?",[]
24 Things You Didn’t Know About Shake Shack,[24]
The Worst Day Of My Life Is Now New York’s Hottest Tourist Attraction,[]
21 Kids Who Are Too Literal For Their Own Good,[21]
9 Beautiful Blondes We Want To Hang Out With,[9]
13 Small Town Things That Had Better Be Cute,[13]
22 Questions People Actually Asked The Intenet,[22]
"Here’s One Thing You Probably Didn’t Notice In Season 4 Of ""Game Of Thrones""",[4]
21 Things Only People From Small Towns Will Understand,[21]
11 Ways To More Accurately Describe Yoga Poses,[11]
NASA Is Growing Space Vegetables On The International Space Station,[]
15 Things That Happen When Your Parents Sell Your Childhood Home,[15]
A Guide To Nailing Your Friend's Wedding,[]
32 Problems All Tall Girls Will Understand,[32]
Find Out How Dogs React To Human Barking,[]
65 Feelings Kids Today Will Never Understand,[65]
You Need This Extremely Fashionable Dog In Your Life,[]
Do You Really Know The LGBT Pride Flags And Symbols?,[]
13 Reasons You Should Have Sandwiches For Every Meal (Because Why Not?),[13]
10 Tech Trends That Will Change The Way We Live,[10]
12 Surreal Moments That Made Us Pinch Ourselves,[12]
These Marching Geese Will Walk Right Into Your Heart,[]
This Guy Filmed His Dad’s Reaction Every Time He Got A New Tattoo,[]
What Should Your Name Actually Be?,[]
18 People Whose Obsession With Mustard Has Gone Too Far,[18]
10 Hilarious Reviews Of Campsites You Should Never Visit,[10]
19 Things You Never Knew About Pizza Hut,[19]
27 Reasons Why Old People Are The Best People On The Internet,[27]
"13 Things Never To Say To A ""True Blood"" Fan",[13]
16 Fascinating Things You Didn’t Know About Maleficent,[16]
12 Bikes That Are Too Hipster For Their Own Good,[12]
37 Reasons Why Great Britain Really Is Great,[37]
"How Much Of An ""O.C."" Fan Were You Actually?",[]
Watch This Fearless Cat Save A Boy From A Vicious Dog Attack,[]
Brazil Is Now Working On Their Flops In Practice,[]
"25 Pickup Lines So Nerdy, They Just Might Work",[25]
36 Actors Hanging Out With Their Body Doubles,[36]
A Cop At D.C. Pride Kissed His Boyfriend To Piss Off The Westboro Baptist Church,[]
23 Soul-Crushing Problems Only Left-Handed People Understand,[23]
16 Hacks For Epically Bad Hair Days,[16]
The Hardest Disney Quiz You’ll Ever Take,[]
22 Things That Seemed Like Good Ideas At The Time,[22]
15 Times The Beach Didn’t Take Anyone’s Shit,[15]
"Watch This Super-Hip Father And Daughter Lip-Synch Iggy Azalea’s ""Fancy""",[]
"How To Make Crispy Chicken Thighs With Caramelized Corn, Cherries, And Spinach",[]
If Danny Dyer’s Tweets Were Motivational Posters,[]
50 Pictures That Perfectly Sum Up Your Childhood,[50]
16 People Who Didn't Quite Rise To The Challenge,[16]
19 Things Dads Do That You Won’t See In Popular Culture,[19]
11 Honest Thoughts Every Mom Has,[11]
24 Things No One Tells You About Leaving Texas,[24]
14 Ways Ferris Bueller Would Spend His Day Off In 2014,"[14, 2014]"
10 Bad Party Habits That Deserve A Yellow Card,[10]
Would You Pass School Biology Right Now?,[]
"This Teenager Just Gained 30,000 Followers On Twitter After Dumping His Cheating Girlfriend Using Memes",[]
28 Things Only Stay At Home Moms Will Understand,[28]
Facebook’s Second Attempt At A Disappearing Photo-Sharing App Rolls Out,[]
26 People Who Are Too Stupid For Their Own Good,[26]
32 Times Tumblr Was Too Clever For Its Own Good,[32]
64 Thoughts All Cats Have When Brought Home For The First Time,[64]
25 Words That Have A Totally Different Meaning When You're A Server,[25]
17 Confessions That Perfectly Sum Up Your Student Debt Struggles,[17]
12 Reasons Some Men Prefer To Stay Single,[12]
How Bougie Are You?,[]
10 Tips To Get The Most Out Of Your Hong Kong Business Trip,[10]
27 Times Starbucks Failed So Hard It Almost Won,[27]
Is Israel Using The Kidnapping Of Three Teens To Dismantle Hamas In The West Bank?,[]
Watch Chris Christie Show Off His Moves With Jimmy Fallon In The Evolution Of Dad Dancing,[]
The Dangers Of Posting Your Photo Online,[]
This Dad’s Pictures With His 3-Year-Old Show Just How Hilarious It Is To Be A Father,[]
What Type Of Donut Are You?,[]
This Mass Exodus Of Hundreds Of Ducks Is Absolutely Insane,[]
One Direction Members Smoke Weed In New Leaked Video,[]
15 Cats Who Probably Live Better Than You,[15]
16 People Who Didn't Quite Succeed,[16]
"Dear Bees, We Love You",[]
36 Reasons Dad Humor Is The Best,[36]
Don’t Expect To See Nasim Pedrad On “SNL” Next Season,[]
Tim Cook Applauds White House’s Decision On Federal Contractor LGBT Executive Order,[]
21 Mistakes You Made In The 2000s That You Don't Regret,[21]
18 Tweets That Prove Bill Clinton Could’ve Had The Hottest Mixtape In 1996,"[18, 1996]"
11 Video Game Problems Imagined In Real Life,[11]
This Woman Dramatically Modified Her Body Shape In Order To Look Like Jessica Rabbit,[]
This Is What Happens When The Public Sees A Woman Abusing A Man,[]
The Definitive Guide To Taking A Catsie,[]
11 Ways To Not Be A Jerk On Your Phone,[11]
20 Of The Absolute Worst Things That Happen When You Go Out,[20]
“Orange Is The New Black” Season 2 Might Have Ended Differently Than You Thought,[2]
San Antonio Is Going As Crazy As You’d Expect For A City That Just Won Its Fifth NBA Championship,[]
24 Delicious Filipino Foods You Need In Your Life,[24]
"19 Ways Your Marketing Department Is Like ""The Real Housewives""",[19]
18 Dogs Just Smiling Up A Storm,[18]
Marion Barry Apparently Has A Sense Of Humor About “Bitch Set Me Up”,[]
10 Ways To Make Your Business Trip To Hong Kong Feel Like A Vacation,[10]
Here’s A Hilarious Look At What Actually Happens Inside All Indian Airplanes,[]
Costa Rica’s President Really Enjoyed Their Game Against Uruguay,[]
Here Are The Most WTF Moments Of The World Cup’s Opening Ceremony,[]
17 Moving Pride Weekend Confessions,[17]
11 Signs You're Confident (But Not Cocky),[11]
11 Affordable Kitchen Utensils That Will Change Your Life,[11]
"Bears Like Gay Oral Sex, According To Important New Scientific Study",[]
12 Ways Soccer Fans Steal The Show,[12]
What Everyday Foods Do You Find Utterly Revolting?,[]
A Runaway Bouncy Castle Blew 50 Feet Into The Air With Three Children Inside,[50]
British Slang As Guessed By An American,[]
17 Of The Absolute Worst Ways To Break Up With Someone,[17]
Britain To Reopen Embassy In Iran Amid Iraq Crisis,[]
"GOP Congressman: Obama Impeachment ""Probably Could"" Pass The House",[]
23 Words That Have A Totally Different Meaning When You’re Drunk,[23]
Here’s A Photo Of Verne Troyer Being Searched By The TSA,[]
16 Unwritten Rules Of The Early 2000s,[16]
How To Tell If You're A Badass,[]
Taylor Swift’s New Best Friend Looks Exactly Like Her,[]
25 Stunning Images Of Women Breastfeeding,[25]
Meet The World’s Biggest Hypocrites About Marriage,[]
10 Tech Trends That Change Everything,[10]
24 Signs You’re Secretly An Old Person,[24]
74 Thoughts Everyone Has When Buying Their First Home,[74]
Why Cristiano Ronaldo Needs To Cut The Shit And Take His Shirt Off Already,[]
50 Of The Most Important Dog GIFs Of All Time,[50]
29 Struggles People Who Grew Up In The Texas Heat Can All Relate To,[29]
The 10 Best Places To Be During The Apocalypse,[10]
29 Celebrities Who Will Actually Make You Feel Good About Your Body,[29]
What Your Favorite Dog Says About Your Love Life,[]
The Solange Knowles–Jay Z Elevator Fight Video Just Broke Twitter,[]
20 Reasons You Should Work Abroad In Australia,[20]
The Great Crayola 64 Quiz Of Impossibility,[64]
23 Fauxhawks We’ve Loved And Sometimes Lost,[23]
Samuel L. Jackson Still Knows His Lines From “Pulp Fiction” And It’s Intense,[]
"Robert Pattinson Is Putting ""Twilight"" Behind Him",[]
Heartwarming Photos Of A Mass Indian Wedding Where 92 Disabled Couples Got Hitched,[92]
27 Things You’ll Only See At Costco,[27]
27 Things That Are So Weird When You Actually Think About Them,[27]
14 Thoughts Everyone Has Had At Their First Job,[14]
Hero Who Stopped Seattle Shooter Has His Wedding Registry And Honeymoon Paid For By Strangers,[]
“Animals Dancing To Salt-N-Pepa’s ‘Push It’” Is The Cutest Tribute To 1986 You’ll See Today,[1986]
18 Things Young People Want Marijuana Lawmakers To Know,[18]
Awesome Day Trips From 11 Major U.S. Cities,[11]
Obama Deploying 275 Troops To Iraq,[275]
This Billboard In Pittsburgh Is Completely Controlled By Internet Strangers,[]
13 Reasons Nothing Is Better Than Playing In The Mud,[13]
You’ve Never Seen Lego Used This Way,[]
10 Pieces Of Dating Advice That Are Also Fishing Superstitions,[10]
Girls In Play: Sexual Exploitation And The World Cup (Prologue),[]
11 Ways To Cool Off Without A Pool,[11]
16 Animated Movies You Totally Forgot Existed,[16]
England Goalkeeper Joe Hart Really Wanted His Ball Back During The Game Against Italy,[]
13 Signs You're Ready To Say Goodbye To Your Used Car,[13]
The One Thing In “Mary Poppins” You Probably Didn’t Notice As A Kid,[]
15 Amazingly ’80s Photos Of Brad Pitt,[15]
13 Manly Life Hacks That Will Impress Your Friends,[13]
12 Ways To Get The Most Out Of Your Wedding Wear,[12]
Peter Dinklage’s Yearbook Photo Is Everything,[]
10 Ways To Turn Your Hong Kong Business Trip Into A Vacation,[10]
What Period In History Do You Actually Belong In?,[]
21 Problems Only People Raised By Doctors Will Understand,[21]
"Massive Twin Tornadoes Rip Through Nebraska, Leaving Towns In Ruins",[]
31 Signs You’re Living With A Stoner,[31]
28 Struggles Only Hijabis Will Understand,[28]
25 Signs You’re Not Really A Baby Person,[25]
25 Things People Who Doodle Know To Be True,[25]
12 Moves To Help You Train For A Mud Run,[12]
"21 Facts You Didn’t Know About ""Pitch Perfect""",[21]
First Official Photos Of The Kimye Wedding,[]
French Footballer Karim Benzema Looks Exactly Like Shia LaBeouf,[]
11 Summer Selfies Ranked By How Often You'll See Them,[11]
This Goal Is The Best Goal Of The World Cup So Far,[]
"Lance Armstrong Got The Most Awkward Card Of All Time While Playing ""Cards Against Humanity""",[]
21 People Who Immediately Learned Their Lesson,[21]
13 Things Everyone Loves About Nashville,[13]
26 Fantasy Sports Problems That All Leagues Can Relate To,[26]
28 Problems Every Type-A Person Will Understand,[28]
These Kittens Jamming Out To “Turn Down For What” Will Make Your Day,[]
Top Ukrainian Diplomat Calls Putin A “Dickhead”,[]
12 Hacks To Make Your Home More Flexible,[12]
21 Things All White Dudes Do,[21]
17 Reasons We Wish Werewolves Were Real,[17]
7 Quick Dinners To Make This Week,[7]
Jude Law’s Son Rafferty Walks The Runway Of The DKNY MEN London Collections Show,[]
18 Stages Of Not Being Able To Grow A Beard,[18]
29 Times Tumblr Raised Serious Questions About “Harry Potter”,[29]
U.S. Captures Benghazi Attack Suspect In Secret Raid,[]
18 Signs You're Really Into Soccer,[18]
What Do The Contents In Your Fridge Say About You?,[]
10 Signs You Have An Introverted Cat,[10]
12 Away Messages You Had And What They Actually Said About You,[12]
"This Is What The Twins Who Played The Baby In ""Three Men And A Baby"" Look Like Now",[]
OITNB’s Jackie Cruz Once Kissed Kourtney Kardashian On Camera,[]
When Will You Really Get Married?,[]
17 People Who Clearly Need To Get Their Eyes Checked,[17]
22 Brits Who Shouldn’t Be Allowed To Leave The Country,[22]
"Hillary Clinton, A Supreme Court Justice, And A Civil Rights Leader Walk Into A Costco",[]
26 Things Every Teenager Experienced While Growing Up,[26]
18 Jobs You Can Actually Do In Australia,[18]
10 Coffee Shops Seattle Should Be Famous For,[10]
15 Ways To Stay Active Without Going To The Gym,[15]
"19 Completely Outrageous Headlines You Could Only Find In ""The Sunday Sport""",[19]
Marijuana Found Hidden In “Stomach Fat” Of 450-Pound Florida Man,[]
12 Beauty DIYs With Under Three Ingredients,[12]
26 Struggles Only Adults Who Still Sleep With Their Teddy Will Understand,[26]
Our 9 Favorite Feature Stories This Week,[9]
38 Questions All Women Have,[38]
Terry Richardson: “I’m Okay With Myself About Everything”,[]
"Boss Accidentally Forwards A Holiday Request To Whole Company, The Internet Reacts Brilliantly",[]
12 Things Dad Taught Us About Being A True Sports Fan,[12]
10 Reasons Why Blondes Are The Best As Told By Puppies,[10]
Which Superhero Should You Hook Up With?,[]
54 Reasons The German World Cup Team Might Actually Be The Hottest World Cup Team,[54]
How Passive-Aggressive Are You?,[]
Pro-Clinton Group Goes International,[]
27 Signs That Won At Signs,[27]
Will Ferrell And Doppelgänger Chad Smith Have Epic Drum-Off On “The Tonight Show”,[]
12 Activities That Will Make You Want To Hit The Gym,[12]
"14 Ways You Know You've Found ""The One""",[14]
The 24 Types Of Text All Dads Send,[24]
25 Words That Have A Totally Different Meaning When You Move To London,[25]
10 Road Trips You Need To Take This Summer,[10]
30 Harry Potter Facts That’ll Make You Want To Reread The Series (Again),[30]
A Quarter Of All Britons Think It’s Not Possible To Be Both Muslim And British,[]
Watch 50 Cent Throw The Worst First Pitch In Baseball,[50]
Everyone Is Obsessed With This Vine Of An 11-Year-Old Getting Hit In The Face With A Basketball,[]
10 Apps Every Baseball Fan Needs,[10]
Coldplay Just Marched A Parade Through The Streets Of Sydney,[]
38 People Who Will Make You Feel Better About Your Life Choices,[38]
12 Awkward Parent Moments Every Adult Has,[12]
The Only 39 Road Trip Songs You’ll Ever Need,[39]
24 Cars That Forgot How To Car,[24]
"43 Incredible Photos Of Earth, As Seen From Space",[43]
26 Jokes You Should Send To Your Dad On Father's Day,[26]
10 Little Things In Life Worth Toasting,[10]
What Ice Cream Flavor Are You?,[]
27 Intensely Embarrassing Sex Stories That Will Make You Feel Better About Your Own Sex Life,[27]
10 Reasons All Cats Are Introverts,[10]
Some Guy Belted Out “The Very Hungry Caterpillar” In An Adelaide Mall,[]
13 Comebacks For The Most Overused Breakup Lines,[13]
10 Signs Your Hair Is Damaged,[10]
Prince George Spotted Walking For The First Time,[]
Kendall Jenner’s Dress Features Her Pelvic Bones At The MuchMusic Awards,[]
9 Nail Artists You Need To Follow On Instagram,[9]
A Florida Man Had To Shoot An Intruder Himself When His 911 Call Went To Voicemail,[911]
29 Creative And Colorful Hair Trends To Try This Summer,[29]
15 People Who Could Have Used A Helping Hand,[15]
Big Boo Is The Butch Lea DeLaria Has Been Waiting To Play Her Whole Life,[]
29 Ways To Eat Strawberries And Rhubarb In Blissful Harmony,[29]
"Finally, A Social Network Where You Can Brag About All The Stuff You’ve Bought",[]
Which Supermarket Are You?,[]
What Animal Should You Actually Be?,[]
If Rihanna’s Tweets Were Motivational Posters,[]
The 19 Most Epic Tweets Ever Tweeted,[19]
"23 Unforgettable Moments From ""My Strange Addiction""",[23]
"Mariah Carey Tries Pawning Off Photo Of Herself From 1997, Forgets The Internet Exists",[]
22 Photos That Prove Florida Is Paradise,[22]
57 Things You Never Knew About Disney Princesses,[57]
These Disney Princesses Reimagined As Different Ethnicities Are Gorgeous,[]
11 Times You Accidentally Got Some Exercise,[11]
U.S. Forces Move Into Iraq As ISIS Insurgents Target Baghdad,[]
14 GIFs That Will Make You Really Want To Wash Your Hands,[14]
13 Summer Food Hacks You've Got To Try,[13]
13 Spectacular Underwater GIFs That Will Leave You In Awe,[13]
The 33 Best Chandler Bing One-Liners,[33]
These Pictures Of Kim And Kanye Simpsonized Will Make You Go WTF,[]
12 Perfect Koozies For 12 Different Kinds Of People,"[12, 12]"
12 Wedding Dress Rules That Are Meant To Be Broken,[12]
33 Genius Hacks Guaranteed To Make A Parent’s Job Easier,[33]
This Is Probably The Worst Place To Build A Nest,[]
This Is The Sound Of Brazil Celebrating A Goal,[]
"This Man’s Moving Confession About His Illness Prompts £13,000 Worth Of Donations In A Single Day",[]
The 35 Most Disturbing Face Swaps Of All Time,[35]
Bill Murray Ended Up In This Couple’s Engagement Photos For Some Reason,[]
The One Thing You Didn’t Notice From Nelly And Kelly Rowland’s “Dilemma” Music Video,[]
25 Craft Beer Names That Deserve A Round Of Applause,[25]
12 Instagram Accounts That Will Give You Wanderlust,[12]
Feds To Lift Ban On Insurance Coverage Of Sex-Reassignment Surgery,[]
23 Reasons Summer Is The Scariest Season,[23]
9 Lady Bloggers We Want To Be Best Friends With,[9]
Mario Balotelli Fills World Cup Sticker Album With Pictures Of Himself,[]
26 Pictures That Prove Hats Make Guys Look Insanely Hot,[26]
Are You A Bad Person?,[]
21 Classic Movies All Teenage Girls Need To See,[21]
20 Incredible Things You Never Knew About Amazon.com,[20]
Tracy Morgan’s Condition Upgraded To Fair After Crash,[]
"35 Ways British Men Can Address Each Other, Defined",[35]
14 Cats Who Look Better With Bangs,[14]
10 Street Food Beer Pairings That Will Go Perfectly With Your Summer,[10]
11 Amazing Things You Can Make From Your Trip To The Beach,[11]
10 Perfect DIY Projects For Your Pup,[10]
27 People Who Have Better Job Titles Than You,[27]
13 Roommate Horror Stories That Will Make You Want To Live Alone Forever,[13]
10 Hilarious Father’s Day Gifts Any “Game Of Thrones” Fan Would Love,[10]
29 Art Snapchats That Will Give You Life,[29]
This Man Got Stupidly Hot After He Spent A Year Growing A Beard,[]
The 25 Absolute Greatest Dad Jokes Of All Time,[25]
15 Definitive Reasons Why We Couldn't Turn Off The TV In The '90s,[15]
What Is Your Personal Theme Song?,[]
14 Underrated Places You'll Really Want To Move To,[14]
What Is Your Spirit Animal?,[]
22 People Who Just Forgot How To People,[22]
26 Kids Who Straight Up Don’t Give A F**k,[26]
Watch This 86-Year-Old Woman Dive Into A Disgusting Dumpster To Prove A Point,[]
14 Cats Who Are Glad They Got Bangs,[14]
50 Completely Unexplainable Stock Photos No One Will Ever Use,[50]
Meet The “ISIS Fanboys” Spreading The Message Of Iraq’s Most Feared Terror Group,[]
Celebrities Read Mean Tweets About Themselves Part 7,[7]
24 Adorably Geeky Wedding Invitations,[24]
13 Reasons Cats Aren't Great Roommates,[13]
12 People Who Took Their Safety Into Their Own Hands,[12]
28 Problems All Coffee Addicts Will Understand,[28]
11 Lessons My Dad Taught Me,[11]
19 Words And Phrases You Need To Bring Back From Your Childhood Right Now,[19]
Here’s How A Fake Feminist Hashtag Like #EndFathersDay Gets Started And Why It’ll Keep Happening,[]
12 Quotes Every Fisherman Understands,[12]
Sydney University Recreated The “Game Of Thrones” Opening Credits And It Was Great,[]
19 Relationship Problems As Told By Stiles Stilinski,[19]
Stephen Hawking Relentlessly Mocks John Oliver In Hilarious Interview,[]
14 Important Things You Need To Do This Summer,[14]
TI And Azealia Banks Are Beefing On Social Media,[]
This Two-Minute Video Of A Cat Just Sitting In A Chair Is Perfect In Every Way,[]
20 Reasons Catsies Are Better Than Selfies,[20]
13 Most Epic Ways To Up Your Grilled Cheese Game,[13]
"A Man Ordered A $54 Sexagintuple Vanilla Bean Mocha Frappuccino, The Most Expensive Starbucks Drink",[]
17 Reasons Why Iggy Azalea Is The Queen Of This Summer,[17]
15 Things You Can Do In Australia That You Can't Do Anywhere Else,[15]
These Twee Dogs On Instagram Are Your New Favorite Indie Band,[]
The 38 Absolute Best Yearbook Quotes From The Class Of 2014,"[38, 2014]"
35 Of The Most Concerning Autocorrect Fails Of All Time,[35]
12 Household Hacks That Are Useful For Everyone,[12]
Hot Or Not Returns To An Overheated Online Dating Market,[]
Landon Donovan Scores The Funniest Commercial Of The World Cup,[]
250 New Emojis To Be Released In July,[250]
Senators Question Obama’s Authority For U.S. Military Strikes In Iraq,[]
22 Awesome Things You Didn’t Know About Your Dog,[22]
How Well Do You Know “Sex And The City”?,[]
The 29 Most American Things That Have Ever Happened,[29]
The Most WTF Celebrity Photoshop Fails Of All Time,[]
More Proof That Japan Really Does Have The Best World Cup Fans,[]
How In Touch Are You With Your Inner Child?,[]
The New York Post’s Report Of Kimye’s Wedding Is Hilariously Grumpy,[]
25 Simple And Elegant Avocado Toasts,[25]
12 Career Milestones That Prove You’re On The Right Track,[12]
28 Problems Every Eldest Sibling Will Understand,[28]
Iraq: A Dream Showcase For The ISIS Brand,[]
Proof That Teachers Have The Toughest Job In The World,[]
25 Words That Have A Totally Different Meaning When You’re A Server,[25]
Outdoor Survival Basics: Expectation Vs. Reality,[]
23 Reasons You Should Spend The Next Year In Australia,[23]
17 Honest City Slogans That Should Actually Exist,[17]
17 Very Special Thrift Store Paintings You Wish You Owned,[17]
26 Common Thrift Store Finds You Can Flip To Make Money,[26]
10 Ways To Make Your Adult Responsibilities More Fun,[10]
25 Husbands Who Must Be Stopped,[25]
"U.S. Supreme Court: You Can't Lie About Your Gun Purchase, No Matter What Your Reason
on thinkprogress.org ›",[]
"Nicole Richie Had Blue Hair For A Day This Weekend
on refinery29.com ›",[]
83 Thoughts Everyone Has When Watching “The Bachelorette”,[83]
How The Tea Partier Who Wants To Replace Eric Cantor Defines ‘Bipartisanship’,[]
This Is What “Arrested Development” Would Look Like If It Was About The Australian Government,[]
10 Reasons Your Cat Needs To Take A Selfie,[10]
22 Things Only A Boss Bitch Will Understand,[22]
Islamist Fighters In Iraq And Syria Keep Tweeting Pictures Of Cats,[]
Whoa! There Was A “Blossom” Cast Reunion,[]
26 Reasons Why Parents Shouldn’t Be Allowed To Have Phones,[26]
21 Times Emma Watson Has Been The Most Flawless Woman Of The Decade,[21]
11 Slightly More Accurate Names For Yoga Poses,[11]
How Stereotypically Irish Are You?,[]
10 Gaming Tournaments That Are Seriously Making It Rain,[10]
25 Puns So Terrible They Should Be Made Illegal,[25]
This Is What Happens When Team U.S.A. Wins A Game In The World Cup,[]
The Blockbuster Bromance That Is Taking Over Hollywood,[]
Why You’ll Never Really Get Over Monica And Chandler,[]
This Forest Ranger Was Granted His Dying Wish To See The Woods One Last Time,[]
21 Reasons Summer Sucks For Anyone With Big Boobs,[21]
The “Best Banner At The World Cup” Isn’t From The World Cup,[]
36 Times Tumblr Proved It Was The Funniest Place On The Internet,[36]
Everyone Finds Thierry Henry Really Arousing And This Is Why,[]
14 Mini Pies That Will Melt Your Heart,[14]
15 Earth-Shattering Hufflepuff Problems,[15]
16 Signs You Were Meant To Be A Teacher,[16]
23 Things That Inevitably Happen When You Start Getting In Shape,[23]
11 Projects That Take Photography To The Next Level,[11]
Who Said It: Tupac Or Shakespeare?,[]
"14 Questions Your Parents Have About Your Job In ""Media""",[14]
14 Reasons You Shouldn’t See “The Fault In Our Stars”,[14]
17 Problems All Naturally Skinny People Will Understand,[17]
China Sentences 3 People To Death For Beijing Attack,[3]
13 Places Where Southerners Don't Want You To Vacation,[13]
23 Signs You’re The Chandler Of Your Friend Group,[23]
Why Humidity Is The Real Enemy,[]
11 Secrets About Game Shows That You Probably Never Knew,[11]
23 Ways To Rock Your Vegan Barbecue,[23]
21 Reasons Rebel Wilson Is A Fantastic Role Model,[21]
25 Of The Most Clever Craft Beer Names In History,[25]
"16 Hilarious Made-Up Facts About ""Harry Potter"" That We Wish Were True",[16]
Activists Are Outing Hundreds Of Twitter Users Believed To Be 4chan Trolls Posing As Feminists,[]
Just A Photo Of Kanye And North West Sleeping,[]
14 GIFs That Will Make You Want To Wash Your Hands,[14]
28 Vines That Will Never Stop Being Funny,[28]
12 Things Our Dads Taught Us About Being A True Fan,[12]
27 Things You Won’t Regret When You’re Older,[27]
20 Catsies That Demand All Your Attention Right Now,[20]
This Is What Disney Characters Would Look Like In The Modern World,[]
13 Ways No Human Should Start A Conversation,[13]
What Should Your Wedding Song Be?,[]
What Your British University Says About You,[]
11 Reasons You Should Smile,[11]
10 Things In Life Always Worth Toasting To,[10]
The Definitive Ranking Of Diet Killers,[]
14 Fruitastic Desserts Just In Time For Summer,[14]
12 Things You Should Never Do On A Business Trip,[12]
A Dad Has Drawn On His Son’s Lunch Bag Every Day For Two Years,[]
10 Collaborations That Went Above And Beyond,[10]
This Tearjerking Video Is The Only Gift You Need To Send Your Dad This Father’s Day,[]
"World’s Biggest Cricket Fan Seeks Commentary Job After Uploading Over 2,200 Videos On YouTube",[]
12 Ways Wedding Dress Rules Are Meant To Be Broken,[12]
Here’s Definitive Proof That Chile Has The World’s Greatest Football Commentators,[]
"Ira Glass Finally Joins Twitter And He’s Already ""Bored""",[]
How To Fill In Your Brows Perfectly,[]
15 Horrifying Things Everyone With A Retainer Goes Through,[15]
14 Outlet Stores You Never Knew You Could Shop Online,[14]
Ringly Is The Smartest Ring You’ve Ever Seen,[]
"This Is How To Properly Practice Your Flopping, The Brazilian Way",[]
12 Crazy Ways Soccer Fans Steal The Show,[12]
15 Bold Moves That Totally Paid Off,[15]
What Kind Of Bride Should You Actually Be?,[]
Some Wes Anderson Fans Built The Grand Budapest Hotel Entirely Out Of Legos And It’s Glorious,[]
11 Things Every Woman In Her 30s Should Have,[11]
"Game Of Thrones Actress Lena Headey Cheekily Refuses To Apologize For Instagram...
on vanityfair.com ›",[]
"Chikungunya Coming To The US? What You Need To Know About The Virus
on foxnews.com ›",[]
12 Signs Your Only Lane Is The Fast Lane,[12]
The 33 Most Cringeworthy Things That Have Ever Happened,[33]
Texas Senator Writes Touching Father’s Day Letter To His Gay Daughter,[]
"The 24 Greatest, Nerdiest Jokes Ever Told",[24]
25 Relatives You’ll Find In Every Desi Family,[25]
The Iconic World Cup Image By A Brazil Street Artist That FIFA Doesn’t Want You To See,[]
"This Woman’s Butt Selfie Was Banned From Instagram, So She Fought Back",[]
16 Things Every Teacher Can Relate To,[16]
16 Animal Selfies That Just Can't Compete With A #Catsie,[16]
How Emotionally Repressed Are You?,[]
13 Things We Love About Small Towns,[13]
What The State You Live In Says About You,[]
"U.S.A. Holds On To Beat Ghana, 2-1",[]
19 Words That Have A Totally Different Meaning When You’re An Introvert,[19]
Federal Appeals Court In Cincinnati To Hear Four States’ Marriage Cases In August,[]
The Iconic Playlist For Your Summer Road Trip,[]
11 People Who Take Photography To The Next Level,[11]
28 High School Senior Pranks That Failed So Hard They Almost Won,[28]
Snapchat Experiments With A Snapchat Story That Anyone Can Post To,[]
"Meet “Feminist Frank,” A New Meme That You’re Going To Wish Was An Actual Guy",[]
"16 Tongue Tattoos That Will Make You Say ""NOPE""",[16]
The 14 Absolute Worst Places To Lose A Retainer,[14]
12 Car Technologies That Are Ridiculously Awesome,[12]
The 100 Most Important Cat Pictures Of All Time,[100]
17 Incredible Things You Didn’t Know About Whole Foods,[17]
Definitive Proof That The World Cup Is Being Controlled By The Illuminati,[]
World Cup Cameraman Impossibly Finds The Pretty Girl In The Crowd,[]
51 Budget Backyard DIYs That Are Borderline Genius,[51]
Nic Cage Made The Best Talk Show Entrance Of All Time Back In 1992,[1992]
The DMV Refused To Give A 16-Year-Old Boy His License Until He Removed His Makeup,[]
10 Dad Fashion Fails You Can Help Him Avoid,[10]
16 Questions About Boobs Only Yahoo Answers Can Help You With,[16]
This New Wearable 3-D Printed Contraption Leaves You Naked If You Expose Your Online Data,[]
This 3-Year-Old Was Reportedly Asked To Leave KFC Because Her Face “Scared Diners”,[]
What Tattoo Expresses The True You?,[]
What Do People Actually Hate About You?,[]
The Creepy New Paddington Bear Has Inspired A Meme Of Him Starring In Classic Horror Movies,[]
A Guy Turned His Bedroom Into A 1980s Arcade And Lost His Fiancée In The Process,[]
What Girls’ First Names Say About Them,[]
15 Stages You Go Through When Your Parents Sell Your Childhood Home,[15]
22 Colorful Animals Who Look Too Beautiful To Be Real,[22]
65 Impossibly Beautiful Alternative Engagement Rings You’ll Want To Say Yes To,[65]
24 “Glee” Covers That Are Better Than The Originals,[24]
58 Thoughts You Have While Playing The Simpsons: Tapped Out,[58]
18 Useful Tips Every Craigslist User Should Know,[18]
37 Reasons To Love Brazilian Hulk,[37]
23 Reasons You Should Take A Year Off And Head To Australia,[23]
11 Fruity Desserts You Can Make In 6 Ingredients Or Less,"[11, 6]"
11 Endangered Animals You Should Get To Know Now,[11]
18 Manicures That Will Make Your Jaw Drop,[18]
Can You Pass A Middle School Spelling Test?,[]
"Seeing The ""Game Of Thrones"" Cast As Normal Humans Is Still Completely Mesmerizing",[]
18 Pictures That Prove Lauren Conrad Has The Hair Of A Greek Goddess,[18]
16 Reasons Why Grinding Is The Worst Thing To Ever Happen To Humanity,[16]
39 Incredible Things You Didn’t Know About Emma Watson,[39]
"The World’s Dazzling Drone Footage, On One Easy Map",[]
"13 Reasons Why Jo Should Have Picked Laurie In ""Little Women""",[13]
20 Bears Who Think They’re People,[20]
Are You Actually Kanye West?,[]
"Which ""Teen Wolf"" Character Are You?",[]
What Kind Of Thinker Are You?,[]
The 31 Worst Things That Have Ever Happened To Design,[31]
12 No-Risk Ways To Break Up With Someone,[12]
Who Would Play Your Dad In The Movie Version Of Your Life?,[]
35 Thoughts You Have When You Get A Flat Tire,[35]
Germany’s Coach Picked His Nose And Then Shook Cristiano Ronaldo’s Hand,[]
13 Unlucky Moments Every Soccer Fan Knows Too Well,[13]
17 Songs That Made You Sob Uncontrollably As A Teen,[17]
"Apparently, Thanks To “Frozen,” Elsa Has Become One Of The Most Popular New Baby Names Of 2014",[2014]
World Cup Live: Brazil Vs. Mexico,[]
What Kind Of Video Game Is Your Life?,[]
22 Problems All People Who Suck At Flirting Will Understand,[22]
10 Fishing Lessons We Learned From Our Dads,[10]
What Guys’ First Names Say About Them,[]
10 Cutting-Edge Hairstyles And What They Say About You,[10]
15 Times Even Google Couldn’t Help,[15]
11 Country Music Lyrics That Prove Women Run The World,[11]
25 Men Who Have Lost The Battle Against Shopping,[25]
13 Comics That Smash The Patriarchy,[13]
21 Problems Only People With Baby Faces Will Understand,[21]
10 Potato Salads That Could Change Your Life,[10]
10 Easy And Adorable DIY Manicures,[10]
Which “Orange Is The New Black” Inmate Are You?,[]
"12 Things We Didn't Realize Everyone Else Does In A Hotel Room, Too",[12]
"17 Reasons You Can't Stop Watching ""Teen Wolf""",[17]
27 Reasons Arya Stark Is The Baddest Bitch In Westeros,[27]
A Guy Accidentally Called The Police On Himself And Then They Mocked Him On Twitter,[]
There Is Now Video Of The Kidnapped Nigerian Schoolgirls,[]
22 Important Reminders That Someone Is Having A Worse Day Than You,[22]
This Is What Cristiano Ronaldo Actually Looks Like,[]
21 Bad Decisions You Made In The 2000s That You'd Make Again,[21]
What It's Really Like To Own A Cat,[]
"21 Times Aragorn From ""Lord Of The Rings"" Had Better Hair Than You",[21]
45 Rare Takes On Your Favorite Songs,[45]
12 Things Every Phoenix Resident Understands,[12]
The 15 Levels Of Being A Badass,[15]
All The Teams Should Go Home Now Because Bappi Lahiri Just Won The World Cup,[]
Owning A Cat: Expectations Vs. Reality,[]
13 Signs You're Ready To Buy A New Car,[13]
12 Reactions Everyone Has At A Soccer Game,[12]
14 Signs You Really Need A Break From Your Phone,[14]
The Bizarre And Horrifying Autobiography Of A Mass Shooter,[]
This Guy Might Be The Coolest Stay-At-Home Dad Ever,[]
24 Pinterest Fails That Will Make You Feel Better About Your Summer,[24]
17 Honest City Slogans We Wish Existed,[17]
This Impressive Dog Can Perform Serious Balancing Tricks And We Can’t Even Handle It,[]
"This Jazz Cover Of The ""Game Of Thrones"" Theme Song Is Fantastic",[]
14 Signs You Really Need A Vacation From Your Phone,[14]
21 Problems All Sarcastic People Will Understand,[21]
Hidden Painting Found Under Picasso’s Masterpiece The Blue Room,[]
17 Midwestern Landscapes That Are Totally Unreal,[17]
Emma Watson’s Graduation Pal Was Actually An Undercover Bodyguard,[]
24 Passive Aggressive Notes That Failed At Being Passive,[24]
"10 Crazy Close Calls From ""Mountain Men""",[10]
24 Things People Who Cry All The Time Know All Too Well,[24]
Badass Dad Catches Home Run Ball With One Hand While Holding A Baby,[]
The 30 Hottest Bearded Men Of The World Cup,[30]
17 Tattoos Inspired By Your Favorite Bands,[17]
Here’s Proof The Women Of “Game Of Thrones” Are Way More Badass Than The Men,[]
Iran Arrests Young Iranians For Making A Pharrell “Happy” Video,[]
35 Pictures That Prove The Struggle Is Alive And Well,[35]
Sarah Millican’s Awesome Response To Twitter Trolls Who Mocked Her Appearance,[]
Which Sitcom Family Do You Belong In?,[]
17 Bookstores That Will Literally Change Your Life,[17]
Where Should You Live?,[]
14 Breathtaking Pictures That'll Restore Your Faith In Clouds,[14]
11 Simple Science Projects To Try With Your Kids Tonight,[11]
12 Classic Quotes That Every Fisherman Can Relate To,[12]
See The Women In Famous Paintings Get The Photoshop Treatment,[]
"19 Words That Have A Totally Different Meaning On ""Game Of Thrones""",[19]
16 Signs You’re The Only Latina/Latino At The Office,[16]
26 Spectacular News Fails,[26]
14 Signs You're A Country Girl,[14]
15 Individuals Who Have The Skills To Pay The Bills,[15]
"This Guy Inserted Himself Into Every Frame Of Britney Spears’ Video For ""Work Bitch""",[]
10 Ways Moms Show They Care,[10]
11 Essential Items Every Woman Should Have When She Turns 30,"[11, 30]"
This Science Experiment Will Make You Never Want To Drink Coke Again,[]
"Deryck Whibley Comes To His Senses, Legally Removes “Lavigne” As His Middle Name",[]
16 Times Alternate Subtitles Massively Improved GIFs,[16]
23 Pictures That Prove Glasses Make Guys Look Obscenely Hot,[23]
13 Animals Who Thought They Could And Did,[13]
What Football Club Should You Root For?,[]
"A New Front On Immigration: N.Y. Legislation Would Let Undocumented Vote, Drive",[]
Plus-Size Models Awesomely Re-Create Sports Illustrated’s Swimsuit Cover,[]
Which Classic Hollywood Actress Are You?,[]
64 Thoughts Every Cat Have When Coming Home For The First Time,[64]
14 Things Ferris Bueller Would Do With His Day Off Now,[14]
12 Signs You Live Life In The Fast Lane,[12]
This Is What It Looks Like To Launch A Fighter Jet Off A Carrier,[]
12 Fights That Probably Won't End In Our Lifetime,[12]
14 Unusual Sports You Should Be Paying Attention To,[14]
New Spanx Denim Will Make Squeezing Your Organs Even More Casual,[]
15 Super Cute Matching Daddy And Baby T-Shirts,[15]
23 Everyday Occurrences In Russia,[23]
Read A Congressman’s Internal Talking Points On Deleting A Tweet About Bowe Bergdahl,[]
The Definitive Ranking Of Pop Culture Father Figures,[]
A Girl Took A Cardboard Cutout Of Her Late Father Around The World To The Places He Never Got To See,[]
"Senator Slams Dr. Oz’s Overuse Of ""Miracle"" When Discussing Diet Products",[]
24 Baby Products Every Music Loving Parent Needs,[24]
15 Things You Didn’t Know About Chick-Fil-A,[15]
52 Songs Dads Love That Can Melt Any Heart,[52]
How Tupac’s Words Changed — And Are Still Changing — The World,[]
This Dog Has A Hilarious Reaction When He Comes Into Contact With A Robot Spider,[]
46 Incredibly Annoying Things People Do On Tinder,[46]
21 Screengrabs That Will Make You Quit Facebook Immediately,[21]
37 Things Only British People Will Find Amusing,[37]
The 35 Dumbest Things That Have Ever Happened,[35]
99 Impossibly Small And Cute Tattoos Every Girl Would Want,[99]
Brian Williams Raps “Baby Got Back”,[]
17 People Who Took On The English Language And Lost,[17]
"33 Jokes Only ""Game Of Thrones"" Fans Will Understand",[33]
35 Things Only People Who Work Weird Hours Will Understand,[35]
9 Situations When Two Things Came Together For The Better,[9]
16 Breathtaking Places In Australia You Won't Believe Are Real,[16]
"Touching Photos Of Normandy Veterans, Then And Now",[]
32 Outrageously Fun Things You'll Want In Your Backyard This Summer,[32]
15 Cats Who Think They're All That,[15]
"The First 40 ""Game Of Thrones"" Episodes Ranked From Worst To Best",[40]
The 21 Most Important Celebrity Bulges Of All Time,[21]
47 Things You Might Not Know About NSYNC,[47]
26 Struggles Everyone From A Big Family Will Understand,[26]
The 26 Most Unfortunate Pictures Ever Taken,[26]
"Massive Tornadoes Rip Through Nebraska, Leaving Towns In Ruins",[]
Reviewing Vintage Cosmo Dating Tips (with The Cast Of Undateable),[]
The 30 Things That Happen When You Get A Gigantic Zit,[30]
11 Tips For All Travelers In Hong Kong,[11]
10 Things That Prove All Cats Are Introverts,[10]
10 Raunchy Pick-Up Lines That Only Work At The Bowling Alley,[10]
"This Guy Trolls Women On Tinder By Sending Them ""Game Of Thrones"" Spoilers",[]
17 Invaluable Bathroom Hacks Everyone Should Know,[17]
21 Easy Ways To Make A Bachelorette Party Memorable,[21]
11 Video Game Fails Imagined In Real Life,[11]
33 Tattoo Transformations That Prove Change Is A Good Thing,[33]
33 Amazingly Ridiculous Things You’ll See At Every Thrift Store,[33]
"Iranian President’s Lonely, World Cup All-By-His-Selfie",[]
28 Pictures Everyone Needs To Stop Posting On Facebook,[28]
One Very Simple Way To Give Yourself A Summer Of Great Reading,[]
The 100 Most Important Dog Photos Of All Time,[100]
Ciara Shares First Photos Of Baby Future,[]
Florida Governor Signs Law Allowing Limited Medical Marijuana Use,[]
Crazy Custom Vehicles That Will Make You Rethink Your Ride,[]
Celebrities Read Mean Tweets About Themselves - NBA Edition Part 2,[2]
29 Times Siri Was Actually A Bit Of A Jerk,[29]
17 Classic Games For Father’s Day Car Journeys,[17]
12 Annoyances Only Blondes Understand,[12]
21 Hashtags People With Big Boobs Actually Need,[21]
27 Everyday Objects That Went Beyond The Call Of Duty,[27]
NONONO’s Dreamy New Single Will Make You Want To Go Home Again,[]
26 Reasons Having A Twin Seems Awesome,[26]
33 Harry Potter Jokes Even Muggles Will Appreciate,[33]
11 Beauty Problems You Always Have In The South,[11]
"How To Properly Box As Demonstrated By The Cast Of ""Rocky""",[]
A Bride Actually Tied Her Baby To Her Wedding Dress Train And Dragged Her Down The Aisle,[]
16 Animal Selfies That Just Can't Compete With Cat Selfies,[16]
15 Things We'd Like To Go Back In Time And Tell Ourselves As Kids,[15]
100 Things Straight Guys Love,[100]
How Sarcastic Are You?,[]
This Couple’s Incredible Harry Potter-Themed Wedding Puts All Other Weddings To Shame,[]
"A New Front On Immigration: NY Legislation Would Let Undocumented Vote, Drive",[]
18 Awesome Things You Need To Do This Summer,[18]
13 Things You Thought Were True But Aren’t,[13]
"18 Most Popular Kindle Quotes That Aren’t From ""The Hunger Games""",[18]
Jack Black And James Marsden Ride A Mechanical Bull,[]
Brad Pitt Tosses A Beer To Matthew McConaughey Upon Realizing They Are Neighbors,[]
19 Problems Every Couple Has As Told By Stiles Stilinski,[19]
12 Away Messages And The True Meanings Behind Them,[12]
What Beach Animal Are You?,[]
11 No-Cleanup Science Projects To Do With Your Kids Tonight,[11]
24 Reasons Summer Sucks For Vegetarians,[24]
18 Cool Internet Tricks You Didn't Know About,[18]
22 Signs You’re The Charlotte York Of Your Friendship Group,[22]
This Dog Raised By Cats Will Make Your Day,[]
9 Bar Hacks For Your Next Party,[9]
21 Tricks That Took Phone Pranking To A Whole New Level,[21]
41 Life-Saving Beauty Hacks Every Girl Should Have In Her Arsenal,[41]
How Close Are You And Your Significant Other?,[]
Shaquille O’Neal Holds World’s Tiniest Coffee Cup,[]
14 Dogs On Summer Vacation,[14]
13 Things To Love About Nashville,[13]
This Tweet Was A Perfect Joke Five Years In The Making,[]
49 Reasons Italy Is Definitely The Steamiest Team In The World Cup,[49]
This $495 Footstool Looks Like A Nightmare,[]
17 Inspirational Health And Fitness Enthusiasts For People Of Color,[17]
24 Cats That Are Just Really Into You,[24]
16 Animal Selfies That Just Can't Compete With A Catsie,[16]
11 Times A Workout Accidentally Happened,[11]
10 Times Soccer Broke The Laws Of Physics,[10]
49 Reasons The Spanish World Cup Team Is Definitively The Hottest World Cup Team,[49]
14 Things Only Gearheads Understand,[14]
38 People Who Are Done With Today,[38]
Truck Driver Charged In Crash That Critically Injures Actor Tracy Morgan,[]
90 Things You Haven't Thought About Since The '90s,[90]
7 World Cup Watching Positions,[7]
A 10-Year-Old Girl Saved Her Dad’s Life With A Facebook Post,[]
11 Weekend Projects For Every Mountain Man,[11]
21 Individuals Who Should Have Just Stayed In Bed Today,[21]
21 Headlines That Prove Reality Is Infinitely Stranger Than Fiction,[21]
Two 12-Year-Old Girls Stabbed Their Friend 19 Times To Prove Devotion To Internet Meme “Slender Man”,[19]
The 15 Levels Of Being Hardcore,[15]
14 Ways To Bring Vintage Glamour To Your Wedding,[14]
Terry Richardson Has A Safe Haven In Harper’s Bazaar,[]
"12 Things ""That Guy"" Does At Every Gym",[12]
What Does Your Name Say About Your Love Life?,[]
Where Season 4 Of “Game Of Thrones” Went Wrong,[4]
11 Names That Make More Sense For Yoga,[11]
12 Things That Prove Being Blonde Is Hard Work,[12]
15 Times When You Totally Blew Your Cover,[15]
How Much Of An Elitist Are You?,[]
Americans Try Brazilian Snacks For The First Time,[]
Guys Review Vintage Cosmo Tips,[]
23 People Who Are Worse At Drinking Than You,[23]
"After A Girl Was Sent Home In Tears Because Her Dress Was Too Short, Her Mom Wore It To Graduation",[]
10 Moments In Video Game History We'll Never Forget,[10]
14 Things You Likely Didn’t Know About Your Favorite Childhood Shows,[14]
What Tattoo Should You Actually Get?,[]
28 Maps That Will Teach You A Damn Thing About Your State For Once,[28]
Kim Kardashian’s Boobs Take North West For A Walk,[]
13 Unique Ways To Photograph Your Big Day,[13]
How Many Romantic Comedies Have You Seen?,[]
One Model Responds To Terry Richardson’s Defense Of Himself,[]
39 Reasons Studying Abroad In Italy Ruins You For Life,[39]
27 Things You Won't Regret When You're Older,[27]
38 Yahoo Questions That Will Destroy Your Faith In Humanity,[38]
"Joe Biden Visits The U.S. Locker Room After The World Cup Win, Offers To Buy Drinks",[]
14 Hilarious GIFs That Prove Water Is Endlessly Entertaining,[14]
The Definitive Ranking Of Things That Will Test A Parent’s Patience,[]
Exclusive: New York Times Internal Report Painted Dire Digital Picture,[]
11 Things Every Mom Fears Their Husband Does When They're Not Around,[11]
The Definitive Ranking Of World Cup Teams,[]
12 Disruptors Responsible For The Internet As We Know It,[12]
17 Interesting Things You Didn’t Know About Apple,[17]
