Griffin, Dudley Lead Clippers Over Bobcats, 112-85 
Spurs Boss Hails Adebayor After Goals and Wins Continue 
Australia Likely to Be Unchanged After Harris, Watson Bowl 
China Fires Senior Official in Vote-Buying Scandal 
Sixers Roll Past Denver, 114-102 
No. 21 San Diego State Beats Colorado State 71-61 
China Sacks Former Aide to Retired Domestic Security Chief 
Varlamov's 29 Saves Lift Avs Past Flyers 2-1 
Bayless Spurs Grizzlies to 99-91 Win Over Suns 
Horton Scores in Debut, Jackets Blank Coyotes 2-0 
Eller Scores in 3rd, Canadiens Beat Stars 6-4 
Lister Leads Vanderbilt Over No. 19 Georgia 66-58 
Hayward, Favors Lead Jazz Over Bucks 96-87 
Anthony Returns, Knicks Surprise Spurs 105-101 
Judge Blocks Stripping Largest California Community College of Accreditation 
No. 18 Nebraska Holds Off Northwestern 66-65 
No. 24 Gonzaga Beats Saint Mary's 73-51 
Nuggets Snap Skid With 111-108 Win Over Grizzlies 
Clippers' Paul Out 3-5 Weeks With Shoulder Injury 
Clippers Rally Past Mavs 119-112 After Paul Hurt 
Ogwumike Becomes All-Time Pac-12 Rebounding Leader 
Thompson, Kirk, Simpson and Spieth Take Control in Hawaii 
Ke$ha Checks Into Rehab for Eating Disorder 
Rockets Get 102-100 Win Over Knicks 
Phil Everly, Half of Pioneer Rock Duo, Dies at 74 
Davis, Evans Carry Pelicans Past Celtics 95-92 
Prince Scores 15, Leads Baylor to Easy Win 
Saints End Road Jinx With Playoff Win Over Eagles 
Green Scores 24, Phoenix Beats Milwaukee 116-100 
Suter Scores 3 in Wild's 5-3 Win Over Capitals 
Luck Takes Place as King of the Comeback 
Howard, Zetterberg Lead Red Wings Past Stars, 5-1 
Price of Bluefin Tuna Nosedives at Tokyo Auction 
Berglund Scores 2 in Blues' 6-2 Win 
Flyers Rally for 5-3 Victory Over Coyotes 
Durant Carries Thunder to Win Over Timberwolves 
Office Vacancy Rates in U.S. Unchanged Amid Sluggish Job Growth 
Activists Chase Japanese Whalers in Antarctic 
Perry's OT Goal Lifts Ducks Over Canucks, 4-3 
Sharks Beat Blackhawks 3-2 in Shootout 
Eberle Scores Twice in Oilers' Win Over Lightning 
GM to Outfit Chevy Vehicles With 4G From AT&T 
JPMorgan Nears $2 Billion Settlement in a Case Tied to Madoff: NYT 
China Sentences Six Mongol Herders in Land-Grab Case 
Kobe Hopes Fans Don't Choose Him for All-Stars 
Intel Says Its Processors Are Now 'Conflict-Free' 
Cammalleri Lifts Flames Over Avalanche, 4-3 
Intel Shows Off Wearable Gadgets as Chipmaker Expands Beyond PCs 
U.S. Apartment Vacancy Rate Falls, Rents Rise in 4th Quarter 
Australia Feted for Ashes Triumph at Sydney Opera House 
China Temporarily Lifts Ban on Sale of Foreign Games Consoles 
NZ's Selection Consistency Hints at World Cup Squad 
Japan Rape Suspect Caught After Massive Manhunt 
Fan Catches Lucrative Prize in NZ-Windies One-Dayer 
California Judge Ups Lead Paint Verdict to $1.15B 
Greiss Leads Coyotes to 6-0 Win Over Flames 
Foye's 23 Points Leads Nuggets Past Celtics 
No. 5 Michigan State Beats No. 3 Ohio State 72-68 
Ping An Bank Boosts Capital With $2.4 Billion Private Share Sale 
Freight Train Derails in Canada, Homes Evacuated 
St. Louis Lifts Lightning to 4-2 Win Over Jets 
Brown, Smart Lead No. 11 Oklahoma St Over Texas 
No. 15 Colorado Beats Washington St, 71-70 in OT 
Panama Canal Talks Run Into Trouble Over Money 
No. 4 Wisconsin Routs No. 23 Illinois 95-70 
Abe Heads to Africa to Boost Japan's Profile 
Defensive Lapses Cost Sooners in Loss to No. 18 KU 
Matsuyama Withdraws From Sony Open 
Danone to Sue New Zealand's Fonterra Over Baby Formula Recall 
Japan Aims to Register 280 Remote Islands as National Assets 
No. 14 Penn State Women Hold Off Illinois 82-76 
Wild Beat Coyotes 4-1 for 4th Straight Win 
China Mulls National Pollution Permit Trading System 
No. 1 Arizona Beats UCLA 79-75 to Go to 16-0 
No. 20 Iowa Beats Northwestern 93-67 
Singapore Supermarket Tycoon's Mother Abducted in Rare Kidnap Case 
Golf Capsules 
Impatient Sharapova Realistic on Grand Slam Return 
American Stuard Leads in Hawaii, Scott Lurks 
Serena Zips Her Lip After Scorchers Follow Melbourne Shivers 
Djokovic, Federer Bring in the Greats for Help 
Australian OPEN '14: Capsules on Top Men's Players 
Australian Open '14: Top Women's Players 
Australian Open Begins Another Grand Slam Year 
Nets Beat Heat in 2 OTs for 5th Straight Win 
Golf Capsules 
Permit to Hunt Endangered Rhino Sells for $350,000 Despite Protests 
Wawrinka Wants to Look Forward, Not Back at Open 
Faried's 17 Points Lead Nuggets Past Magic, 120-94 
Djokovic Looks to Boris Boost for Fifth Australian Title 
Nowitzki Gets 40, Mavs Hold Off Pelicans 110-107 
South Korea to Contribute $867 Million for U.S. Military Forces in 2014 
Australian Open Champion Azarenka Coy on Williams Rivalry 
No. 6 Wichita State Rallies for 72-69 Win 
Gold Wins US Figure Skating Title; Wagner 4th 
Youth Trumps Experience as Bencic Downs Date-Krumm 
Rodman Apologizes for Not Helping US Missionary 
Titanic Museum, Shipwreck Simulator to Anchor Chinese Theme Park 
6.4-Quake Shakes Puerto Rico, Causing Minor Damage 
India Marks 3 Years Since Last Polio Case Reported 
Target Planning 'Significant Changes' After Data Breach: CNBC 
Factbox: Winners of the 71st Golden Globe Awards 
E! Entertainment Apologizes to Fox 
No. 15 Kansas Beats No. 8 Iowa State 77-70 
Burks' 34 Points Lift Jazz Over Nuggets 118-103 
Citigroup's Former COO to Join Hedge Fund Spun Off From Bank 
Japan's Nishikori Comes Through Five-Setter in Melbourne 
Federer Plays It Cool in First Round Win 
BOJ Weighs Extending Operating Hours of Its Settlement System 
No. 2 Syracuse Pulls Away From BC, 69-59 
Ellis, Nowitzki Help Mavs Cruise Past Magic 107-88 
Jets Snap Skid in New Coach Paul Maurice's Debut 
Western Spies Contact Damascus to Discuss Security, Syria Says 
Thailand's Political Crisis: How Events Might Unfold 
Japan Says It Will Approve Fukushima Operator's Revival Plan 
Boos Were Unfair, I Had an Injured Groin, Says Tomic 
Voeckler Doubtful for Tour Down Under After Crash 
Man Arrested for Courtside Betting at Australian Open 
Wildfires, Fears of Far More Across California 
Bahrain's GFH Agrees Part Sale of Leeds United Stake 
Stars Snap 6-Game Skid With 5-2 Win Over Oilers 
Green Leads Suns Past Struggling Lakers, 121-114 
Navy Investigating Possible Hawaii Fuel Tank Leak 
6 Coal Miners Killed in Fire in Vietnam 
Eurogroup's Dijsselbloem Says Low Inflation No Threat to Euro Zone 
Texas Tech Upends No. 12 Baylor, 82-72 
'Gravity,' '12 Years' Win Big at Critics' Choice 
Smith Gets 1st Shutout as Coyotes Beat Canucks 1-0 
No. 18 Nebraska Edges Minnesota in 88-85 OT Win 
UNC Stops Literacy Research of Reading Specialist 
Lucic Helps Bruins Skate Past Stars 4-2 
Li Saves Match Point Before Rallying Past Safarova 
Fire Erupts at Nippon Steel Plant in Central Japan, No Injuries Reported 
Wildfires Blaze Across Australia, Killing 1 Person 
Li Na: '5 Cm Saved My Tournament' 
Eighteen Die in India Stampede at Home of Muslim Spiritual Leader 
Larkin Scores Career-High 18, Mavs Edge Suns 
Federer Romps Into Fourth Round in Melbourne 
18 Dead in Stampede After India Muslim Leader Dies 
Honduras Approves Shooting Down Suspected Drug Planes 
Japan Skipper Hasebe Has Knee Surgery 
Federer Advances to 4th Round at Australian Open 
Aldridge, Matthews Lead Trail Blazers Past Spurs 
Unlikely Friendship Explores Humanity in Gitmo Film 'Camp X-Ray' 
Ivanovic Stuns Serena at Australian Open 
Cotton Leads Providence Past No. 20 Creighton 
Canucks Coach Tortorella, Flames Have Altercation 
Perez and Takim Fight to Majority Draw 
Smith, Harrell Lead No. 18 Louisville Over UConn 
Tamela Mann Tops Stellar Awards With 7 Wins 
China Building Second Aircraft Carrier: Reports 
Aldridge, Blazers Run Past Mavs, Win Streak at 5 
Quotes From the Screen Actors Guild Awards 
Asian Stocks Lackluster as China Growth Slows 
Dimitrov Reaches 1st Grand Slam Quarterfinal 
Life Sentence for China Dumpling Poisoner 
Liverpool and Gerrard Acknowledge Failings 
6 Killed in 2 Separate Ohio Car Crashes 
Azarenka Safely Into Quarter-Finals 
Azarenka Ends Tense Rematch With a Little Bling 
Bomb Near Pakistani Army HQ in Rawalpindi Kills Four: Police 
Tokyo Pushing Ahead With U.S. Base Relocation Plan Despite Election Loss 
Underperforming China Gets New Football Head 
Honduras OKs Breakup of State Power Firm, to Allow Private Investment 
Davis Cup: France, Australia Name Squads 
Wiggins Leads No. 8 KU Past No. 24 Baylor, 78-68 
Truck Slams Into NYC Home, Driver Dead 
Cool Teen Bouchard Beats Ivanovic to Reach Melbourne Semis 
Japan PM May Attend Sochi Games, China Says No Plans to Meet Xi 
Predators Too Much for Stars 4-1 
Feds: Illegal Donations Fueled San Diego Campaigns 
Report Links Chinese Elite to Offshore Tax Havens 
Australia Rejects Claims That Navy Mistreated Asylum Seekers 
Love Leads Timberwolves to 112-97 Win Over Jazz 
Senior Thai Pro-Government 'Red Shirt' Leader Shot, Wounded: Police 
Biological Passport to Be Fully Effective by September: ITF 
No. 14 Kentucky Routs Texas A&M 68-51 
BOJ Stands Pat on Policy, Sticks to Upbeat Inflation Forecasts 
Spike Lee to Host Show on SiriusXM NBA Radio 
Warne to Coach Australia Spinners Ahead of T20 World Cup 
China Tightens Regulations for Online Films 
UCI May Cut Armstrong Ban in Return for Details 
Minnesota Takes Down No. 9 Wisconsin, 81-68 
Red Sox Offer Sizemore Chance to Complete Recovery 
Li Beats Bouchard to Make Third Melbourne Final 
Red Wings Beat Blackhawks 5-4 in Shootout 
University of Utah Offers Paternity Testing for Women Fearing Sperm Swap 
Woman Faces Charges in Fatal Mass. Ambulance Crash 
Bucks Snap 9-Game Skid, Beat Pistons 104-101 
Ranbaxy Hit by FDA Product Ban at Fourth Indian Plant 
U.S. Developer Wins Record $2.2 Billion Land Sale in China's Qianhai Zone 
China Sees More Capital Inflows Despite Fed Tapering 
Large Blast Heard in Cairo, Smoke Seen Rising Over City Centre 
Nepal Court Says No Need to Elect New President 
Renault, Nissan to Join Manufacturing, R&D for $4 Billion Annual Savings-Nikkei 
No. 15 Cincinnati Beats Central Florida 69-51 
Oakland Family Says Teen Kills Sister Over Laundry 
No. 1 Arizona Beats Colorado 69-57 
Nichushkin Has 2 Goals, Stars Rout Maple Leafs 7-1 
Crook's 34 Lead USC Past No. 19 Cal Women 77-70 
Fujimori Cleared in Sterilization Case 
Ariza, Beal Help Wizards Beat Suns 101-95 
No. 14 ASU Women Escape Utah With 65-62 Win 
Griffin's Double-Double Leads Clippers Past Bulls 
U.S. Court System Targeted in Cyber Attack: Report 
Zetterberg Helps Red Wings Beat Canadiens 4-1 
Vikings Stadium Bond Sale Expected Monday 
Teletovic Scores 34 and Nets Beat Mavs 107-106 
DeltaWing Endures Problems Early in Rolex 24 
Chandler, Nuggets End 3-Game Skid, Beat Pacers 
Peterson Retains IBF Junior Welterweight Title 
Kanter, Hayward Lead Jazz Over Wizards 104-101 
'Whiplash' Wins Audience, Jury Awards at Sundance 
Suicide Bomber Attacks Afghan Army Bus Killing Three 
Thai Protesters Disrupt Early Voting for Disputed Election 
No. 20 Iowa State Women Top Texas Tech 85-76 in OT 
Lehtonen Shuts Out Penguins as Stars Win 3-0 
Henderson Edges Thomson at UFC Chicago 
Factbox: Key 2014 Grammy Award Winners 
Lawson Scores 27 as Nuggets Beat Kings 125-117 
Young Seahawks Make Super Bowl Landing After Rousing Sendoff 
Daft Punk Wins Grammy Album of Year 
Daft Punk's 'Random Access Memories' Wins Album of the Year Grammy Award 
ICE CEO Sprecher Wants Regulators to Look at &#8216;Maker-Taker' Trading 
Curry Leads Warriors Past Trail Blazers, 103-88 
Gray Scores 32 Leading No. 19 Cal Over UCLA 69-53 
Hall of Fame Basketball Player Tom Gola Dies at 81 
Favors Powers Jazz Past Depleted Kings, 106-99 
No. 9 Villanova Tops Georgetown 65-60 
Republicans, Democrats Unite in Bid to Save California Beach Bonfires 
South Korea's Lee Banned for Missing Dope Tests 
No. 23 Oklahoma Beats No. 8 Oklahoma State 88-76 
Ogwumike Leads No. 4 Stanford Women Over USC 86-59 
Tanguay Scores Winner and Avs Beat Stars 4-3 
Obama Urges Guantanamo Closure This Year, Shift From 'Permanent War Footing' 
Text of Official Republican Response to Obama's Speech 
Lakers' Kobe Bryant Expected to Miss All-Star Game 
Coyotes Knock Off Rival Kings 3-0 
Nintendo Chief Stays on, Health Business Planned 
Bobcats Beat Nuggets Behind Jefferson's 35 Points 
Parsons, Harden-Less Rockets Beat Mavs 117-115 
Raonic Withdraws From Davis Cup With Foot Injury 
No. 2 Orange Move to 20-0 by Beating Wake 67-57 
Northwestern Upsets No. 14 Wisconsin 65-56 
Final China HSBC PMI Dips to 6-Month Low in January as New Orders Weaken 
No. 1 Arizona Survives to Beat Stanford 60-57 
No. 6 Kansas Holds Off No. 16 Iowa State, 92-81 
Panama's First Lady Tapped as Vice Presidential Candidate 
Kerry to Hold Talks With Ukraine's Opposition in Germany 
Varlamov's 35 Saves Lifts Avalanche Past Wild, 5-4 
Exclusive: Top Obama Aide Predicts Drama-Free U.S. Debt Ceiling Increase 
Sabres Rally to Beat Coyotes 3-2 
Hempe, Miller Lead Upset of No. 13 Kentucky 
Elias Scores in OT to Push Devils Past Stars 3-2 
Collazo Stops Ortiz in 2nd Round 
Australia Permits Dredge Dumping Near Great Barrier Reef for Major Coal Port 
No. 10 Michigan Handles Purdue 75-66 
Mitsubishi Motors' Long-Time President to Step Aside: Sources 
Jesse Eisenberg Cast as Lex Luthor 
Raptors End Drought in Denver, Beat Nuggets 100-90 
Jets Slip Past Canucks 4-3 
All-Star Nowitzki Leads Mavs Past Kings 107-103 
Manslaughter Verdict in Buttocks Injection Trial 
Hawks Rout Reeling 76ers 125-99 
Manslaughter Verdict in Buttocks Injection Trial 
Weber Scores 2 as Predators Beat Devils 3-2 in OT 
Durant's 30 Streak Ends in Thunder's Romp 
Suspected Muslim Rebels Blamed for Bomb Attack in Thai South 
Dragic Leads Suns to 105-95 Win Over Bobcats 
Spurs Rally Past Kings 95-93 to End 3-Game Skid 
Smith, No. 12 Louisville Top Central Florida 87-70 
James, Heat Snap Knicks' Streak at 4, 106-91 
Moody Leads No. 23 Iowa St. Over Kansas St. 84-65 
Afghan Election Campaign Stirs Both Violence and Hope 
Police Investigate Letters Sent to 5 NJ Hotels 
Calathes Scores 22 as Grizzlies Beat Bucks 99-90 
'Frozen' Ices Out Competition at Annie Awards 
Factbox: Profile of Super Bowl MVP Winner Malcolm Smith 
Strong Quake Hits Western Greek Isle of Kefalonia 
Obamacare Computers Not Yet Equipped to Fix Errors: Report 
Denver Fans Hit in the Gut by Seattle Stomping 
China's January Services Growth Slows to Five-Year Low 
Abuse Allegations Against Woody Allen Prompt New Legal Questions 
Seattle's Malcolm Smith Named Super Bowl Most Valuable Player 
Nothing Controversial in Super Bowl Ads 
Foye's 3 at Buzzer to Lifts Nuggets Past Clippers 
Reliance Looms Large Over Indian Airwave Auction 
DeRozan, Valanciunas Help Raptors Get Past Jazz 
Nowitzki Leads Mavericks Past Cavs 124-107 
FCC Chief Tells Sprint Chair He Is Skeptical on T-Mobile Deal 
Bucks Snap 6-Game Skid, Beat Knicks 101-98 
2 Red Wings Goalies Combine to Blank Canucks, 2-0 
Louisiana Delays Execution After Challenge to Lethal Drug Combo 
Parker Leads Spurs Past Pelicans, 102-95 
Skipper Spithill to Bid for America's Cup Treble 
Boozer Powers Bulls to 101-92 Win at Phoenix 
Roussel's Goal Sends Stars Past Coyotes 3-1 
No. 11 Arizona State Beats Arizona 60-36 
Four Questioned in Connection With Drugs at Actor Hoffman's Home: CNN 
Mich. Fugitive Sought Since 1977 Found in Calif. 
Adidas Sues Under Armour Over Patent Infringement 
Turris Decides Shootout, Senators Beat Blues 5-4 
Parker, No. 11 Duke Rout Wake Forest, 83-63 
No. 3 Florida Beats Missouri, Wins 14th Straight 
Navy Supercarrier Leaves Pa. On Trip to Scrap Heap 
El Salvador Top Court Orders Probe of Civil War Massacre 
Chandler Leads Nuggets Past Bucks, 110-100 
No. 5 San Diego State Beats Boise State 67-65 
Sri Lankan Forces May Have Destroyed Evidence of Mass Killings: New Report 
Smith Leads No. 14 Louisville to Win Over Houston 
14 Killed in Nepal Bus Crash 
China Criticizes Japan Over Comments Doubting Nanjing Massacre 
Nowitzki Has 26 to Lead Mavs Past Grizzlies 110-96 
Blazers Shoot Poorly but Hold Off Knicks, 94-90 
UN Says Illegal Excavations in Syria Are 'Lethal' 
No. 2 Wildcats Grind Out 67-65 Win Over Ducks 
Ole Miss Falls 77-65 to No. 8 Lady Vols 
Payne Back, Michigan State Routs Penn State 82-67 
Singapore Angry at Indonesia Move to Name Navy Ship for Convicted Bombers 
Oshie's OT Goal Gives Blues 3-2 Win Over Bruins 
Niederreiter, Wild Top Predators 3-2 in Overtime 
Pacioretty Leads Canadiens Past Canucks 5-2 
No. 16 LSU Women Beat Missouri 75-58 
Lawyers Seek to Protect Bieber's 'Personal Parts' From Media Exposure 
Ohio Governor Delays Planned Execution Using Two-Drug Method 
Smith and Coyotes Shut Down Blackhawks, 2-0 
Olympic Viewing: Ceremony to Mark Official Opening 
A-Rod Lawyer Sues Daily News, Kerik for Defamation 
Baseball Greats Toast Hank Aaron for 80th Birthday 
McDermott Scores 32, No. 12 Bluejays Beat DePaul 
For Now, Judge Keeps Picasso at NYC's 4 Seasons 
No. 3 Stanford Women Beat Washington State 77-69 
No. 24 Memphis Rallies Past No. 23 Gonzaga, 60-54 
No. 4 Wichita St (25-0) Beats Northern Iowa 82-73 
Japan's Nuclear Re-Start Bogged Down in Safety Checks and Paperwork 
Williams, Burke Lift Jazz Past Heat 94-89 
Howard, Harden Lead Rockets Over Bucks 101-95 
Ryan Getzlaf Leads Ducks Past Predators, 5-2 
Lehtonen Has 26 Saves, Stars Beat Coyotes 2-1 
Holtby Makes 25 Saves, Capitals Beat Devils 
Aldridge Leads Blazers Past 'Wolves 117-110 
China Rejects US Criticism on South China Sea 
Paul Returns in Clippers' 123-78 Rout of 76ers 
Pakistani Separatist Militants Blow Up Three Gas Pipelines 
Asylum Seekers Accuse Australia Navy of Abuse as Boat Towed to Indonesia 
Filipino Marines Kill 6 Muslim Extremists in Clash 
Fashion Week: Chocolate Wall at Opening Ceremony 
Creator Says Game Over for Maddening Flappy Bird 
Asian Stocks Gain Ahead of New Fed Chief Comments 
Kansas State Holds Off No. 7 Kansas, 85-82 in OT 
Ventura: 'American Sniper' Suit Not Aimed at Widow 
Harris' 19 Lead No. 17 Virginia Past Terps, 61-53 
No. 8 Lady Vols Breeze Past No. 16 Vandy 81-53 
U.S. Ambassador to Meet Indian Opposition Candidate Modi in a Thaw 
NYC Investment Fund Chief Charged With $9M Theft 
Actor Shia LaBeouf's Foray Into 'Art' Has Some Scratching Heads 
China's Trade Growth Accelerates in January 
'Beethoven of Japan' Says He Can Hear Again 
BOJ's Kuroda: Strongly Expect Government to Take Fiscal Discipline Steps 
China Commodities Imports Hit Record Highs, Though Outlook Uncertain 
James Scores 37 to Lead Heat Past Phoenix 103-97 
Indonesia Names Former Investment Chief as Trade Minister 
Jordan's Wife Gives Birth to Twin Daughters 
Stauskas Leads No. 15 Michigan Past No. 22 Ohio St 
Four Killed in Attacks in Thailand's Restive South 
Burks Lifts Jazz to 105-100 Win Over 76ers 
Comcast Strikes Deal to Buy Time Warner Cable 
Memphis Uses Second Half Rally to Beat UCF 76-70 
White House to Release Some Budget Data in Week After Main Budget 
Japan Q4 Growth Seen Quickening on Shopping Spree Before Tax Hike 
Gordon Scores 21, Pelicans Beat Bucks 102-98 
Federal Offices in DC Area to Be Closed Thursday 
Pistorius Says He Mourns for Girlfriend He Killed 
Six China Shadow Banks Threatened With Default Over Coal Firm Exposure: Paper 
Stanley Ho's SJM Makes Fresh Start With New Macau Casino 
No. 21 Wisconsin Beats Minnesota 78-70 
Palmer Leads No. 20 Gonzaga Past San Diego 66-48 
Lloyds Ex-Boss May Lose Bonus Over Insurance Scandal-Times 
West Texas Mom Given 30 Years in Daughter's Death 
No. 14 Texas A&M Beats Georgia 78-73 in OT 
Obama Says Considering New Pressure on Syria's Assad 
Obama Pledges $1 Billion in Loan Guarantees for Jordan 
Small Quake Shakes South Carolina, Georgia in U.S 
No. 6 Stanford Women Rout No. 15 Arizona State 
China's Wanxiang Wins U.S. Bankruptcy Auction for Fisker Automotive 
Kerry Presses China to Ease Internet Controls 
Drummond's 30-25 Wins Rising Stars Challenge 
Small Quake in SC Felt Hundreds of Miles Away 
Body Found in Jet Wheel Well at Virginia's Dulles Airport 
Chevrolet Pace Car Catches Fire at Daytona Race 
No. 3 Florida Rallies Past No. 14 Kentucky 69-59 
Pa. Craigslist Killing Suspect Claims 22 Others 
Hal Sutton Has Mild Heart Attack 
Hamlin Wins Exhibition Sprint Unlimited at Daytona 
Shepard Leads No. 5 SDSU to 64-56 Win Over Falcons 
Felix Leads No. 19 Texas Over West Virginia, 88-71 
Syria's Assad Looks to Win on Battlefield, Not Through Talks: Kerry 
Kerry Visits UAE for Talks on Syria 
Free Syrian Army Sacks Chief, Appoints Replacement 
Asia-Pacific Stability Depends on Success of ASEAN Code of Conduct: Kerry 
East Gets by Durant, Griffin to Win All-Star Game 
Small-Firm Lawyer Takes on Wall Street and Wins, Twice 
Lofty Los Angeles Office Tower Launched With Record Concrete Pour 
WGC-Accenture Match Play Championship Tee Times 
Del Piero to Play Against Former Club Juventus 
Teargas Fired as Thai Police and Protesters Clash in Bangkok 
Las Vegas Sands Websites Are Back Online, One Week After Hacking 
China Tells Police to Go Nationwide With Vice Crackdown 
Actavis in Talks to Buy Forest Labs For as Much as $25 Billion-WSJ 
Japan Eyes Pacific Trade Pact Concessions as Talks With U.S. Begin 
BHP Billiton Cost Cuts Boost Profit, Pave Way for Buyback 
California Pension Rate Hikes Loom After Calpers Vote 
No. 14 Virginia Edges Virginia Tech 57-53 
Ukrainian President Urges Opposition to Step Away From Radicals 
James Scores 42, Heat Pull Away From Mavs 117-106 
Parker Leads No. 5 Duke Past Georgia Tech, 68-51 
Australia Publishes Asylum Seeker Identities, Raising Safety Concerns 
Balanced Suns Hold Off Celtics, 100-94 
Johnson, Blatche Lead Nets Over Jazz 105-99 
Sinopec Seeks Private Capital in Multi-Billion Dollar Retail Arm Revamp 
Lakers Trade Blake to Warriors 
Ukrainian Roots Shine Through at WhatsApp 
Mexico Looks to Arrest Former Owner of Failed Airline Mexicana 
A New Suit, Chemotherapy for Ageing Koreans Attending Reunions 
Talks to Broker Settlement in Ukraine Are Nearing an End-EU Source 
No. 23 Michigan State Tops Wisconsin 76-66 
AP Source: Red Sox Reach Agreement With Capuano 
North Carolina Rallies to Beat No. 5 Duke 74-66 
Police: 4 Dead, 2 Injured in N. Calif. Shooting 
No. 21 Connecticut Beats Temple 68-55 
Pentagon Moving Ahead With New Vertical Lift Aircraft 
EU to Back G20 Growth Target if Accompanied by Reforms 
Suns Roll Past Road-Weary Spurs 106-85 
Ogwumike Leads Stanford Women Over USC 
No. 20 Arizona State Edges Colorado 55-51 
Randolph Has 21 and Grizzlies Beat Clippers 102-96 
Busch Wins Truck Series Season Opener at Daytona 
Bulls Ride Fast Start to 117-89 Win Over Nuggets 
Court Rules Against Notre Dame Over Birth Control 
List of Winners of the 45th Annual Image Awards 
Obama to Unveil Manufacturing Institutes in Detroit, Chicago 
Love Triple-Double Lifts Wolves Over Jazz 121-104 
George, West Help Pacers Hold on Against Bucks 
No. 10 Saint Louis Tops George Washington 66-59 
Gordon, Johnson Lead Arizona Past Colorado 88-61 
AMA Supercross Results 
Iran Shuts Reformist Paper Over Comments on Law 
U.S. Ready to Assist Ukraine Return to Democracy: Lew 
Beverley's 3 Helps Rockets Down Suns 115-112 
Uganda President Signs Harsh Anti-Gay Law 
Landslides Kill 11 in Indonesia's Papua Province 
Asia Stocks Drop on China Economy Jitters 
Lillard Leads Blazers Past T-Wolves 108-97 
G20 Growth Pledge Easier in the Making Than the Execution 
Polio-Like Illness a Mystery in California 
UK's Osborne Says Ready to Provide Assistance to Ukraine Through IMF, EU 
Mt. Gox Resigns From Bitcoin Foundation: WSJ 
Burks, Favors Lead Jazz to 110-98 Win Over Celtics 
Sina Plans New York IPO for Weibo Microblog 
No. 5 Kansas Beats Oklahoma 83-75 for Big 12 Title 
Former Texas Kicker Erxleben Sentenced to Prison 
Japan Plan Keeps Nuclear as Key Energy Source 
Crawford Leads Clippers Past Pelicans 123-110 
Compliance Becomes Hotter Issue for U.S. Firms in China: Report 
Lillard Leads Portland Past Denver 100-95 
Love, Timberwolves Beat Phoenix With Late Outburst 
Correction: T25-Wichita St-Bradley Story 
Neal and Kirk Help New Mexico Beat Utah State 
Sheriff: Hernandez Involved in Jail Scuffle 
U.S. Vice President Biden Decries 'Hatred' Behind State Voter ID Laws 
Republican Congressman Bids to Unseat Colorado's Senator Udall 
Hayward Leads Balanced Jazz Past Suns, 109-86 
Vincent Says Guilty of Not Reporting Bookmaker Approach 
Ridley Leads No. 24 Texas Over Baylor 74-69 
Protests Roil Peruvian Tourist Region of Cuzco 
Belinelli, Balanced Spurs Beat Pistons 120-110 
No. Arizona Runs Past Cal 87-59 in Rematch 
Sheehey Sends Indiana Past No. 20 Iowa, 93-86 
House Leads Houston Over No. 21 Memphis, 77-68 
Airline Pilot Shortage? Not Clear, Report Says 
No. 22 Gonzaga Tops Saint Mary's 75-65 to Win WCC 
Vietnam Says Bitcoin Transactions Are Illegal 
Simmons Leads No. 10 Lady Vols Over LSU, 72-67 
Smith Scores 24 as No. 7 Louisville Tops Temple 
No. 21 Michigan St Rolls Past Northwestern, 75-44 
Landeskog Lifts Avalanche Past Coyotes 4-2 
Dimitrov Downs Murray to Reach Acapulco Final 
League Raises Salary Cap to $133 Million 
Obama Plans Texas Fundraiser in April 
Detained China Dissident Cao Shunli Near Death-Close Friend 
China's Manufacturing Slows to Eight-Month Low 
South Korea Proposes Regular Family Reunions With North 
Gibson, Bulls Overtake Mavs in 4th for 100-91 Win 
Duncan Leads Spurs to 92-82 Win Over Bobcats 
Curry's Triple-Double Helps Warriors Rout Knicks 
Randolph Leads Grizzlies Past Cavaliers 110-96 
Smart Leads Oklahoma St Past No. 5 Kansas, 72-65 
Dimitrov Wins the Mexican Open 
Salido Outpoints Lomachenko in Featherweight Bout 
Toews Powers Blackhawks to Snowy Win Over Penguins 
Thornton Scores 25 in Nets' 107-98 Win Over Bucks 
George's 25 Points Lead Pacers Over Celtics 102-97 
Washington Women Upend No. 18 California 70-65 
Johnny Knoxville Surprises at Oscar Makeup Event 
Rockets Start Fast, Beat Pistons 118-110 
'12 Years a Slave' Wins Best Picture Oscar 
McConaughey Wins Best Actor for 'Dallas Buyers Club' 
McConaughey Wins Oscar for Best Actor 
Cate Blanchett Wins Oscar for Best Actress 
Cate Blanchett Wins Best Actress Oscar 
DeGeneres' Selfie Crashes Twitter 
Alfonso Cuaron Wins Best Director Oscar for 'Gravity' 
Alfonso Cuaron Wins Oscar for Best Director 
Australia Central Bank Plots Steady Rate Course as Housing Revives 
Stars Coach Ruff Earns 600th NHL Win Over Sabres 
Masked Man James Scores 61 Against Bobcats 
Nepal Says Litterbugs No Longer Welcome on Everest 
Wild Douse Flames, Stretch Win Streak to 5 
10 Killed, 17 Injured in Northeast China Bus Fire 
BOJ Kuroda: Conducting Monetary Policy to Target Domestic Economy 
China Withholds Full Domestic-Security Spending Figure 
Ex-BOJ Muto Sees Little Risk of Tax Hike Harming Japan Recovery 
STORY REMOVED: BC-US--Texas Election-US Senate-Dem 
Phoenix Tightens Up D in 1-0 Win Over Vancouver 
No. 25 DePaul Dominates Georgetown 91-72 
Grabner's Goal Lives Isles, 3-2 Over Jets 
Same-Sex Couples Challenge Wyoming's Ban on Gay Marriage 
Pocock Still in Australia's World Cup Plans-McKenzie 
Kunming Attack Should Not Be an Ethnic Issue: China Official 
Asia Warmup Wins Offer Few Clues to Brazil Squads 
NATO Airstrike Kills 5 Afghan Soldiers 
Niger Extradites Gaddafi's Son Saadi: Libyan Government 
Dayton Knocks Off No. 17 Saint Louis 72-67 
Fed Chair Vows to 'Do All That I Can' to Boost Weak U.S. Economy 
Kaminsky, No. 9 Wisconsin Handle Purdue 76-70 
Putin Says Still Differences on Ukraine After Talking to Obama 
Coyotes Rebound for 5-2 Win Over Habs 
Obama, Japan's Abe Agree Russia Moves in Ukraine Threaten World Peace 
Green's 41 Points Leads Suns Past Thunder 128-122 
New Mexico Teen Indicted in 12-Year-Old's Killing 
Thailand Told to Probe Navy Over Trafficking Claim 
No. 22 Michigan State Beats No. 24 Iowa 86-76 
China's February Exports Down 18 Percent 
Faried, Lawson Lead Nuggets Past Lakers 134-126 
Malaysia Airlines Says 152 Chinese, 38 Malaysians on Missing Flight 
China Sends Two Ships to Help in Rescue Work for Missing Plane 
Mavs Blow 30-Point Lead, Rally Past Blazers 103-98 
No. 16 Nebraska Defeats Minnesota 80-67 
Sheriff: Snowmobiler Dies in Avalanche in Utah 
No. 21 Gonzaga Handles San Francisco 81-68 
Beal Scores 23 in Wizards 114-107 Win Over Bucks 
Cole's Late Breakaway Goal Lifts Stars Over Wild 
College Party Turns Violent, 43 Arrested in Massachusetts 
USC Upsets No. 4 Stanford 72-68 in Pac-12 Semis 
Parker Leads No. 4 Duke Past No. 14 UNC, 93-81 
NKoreans Cast Votes, but Govt Decides for Whom 
Spurs Beat Magic 121-112, Win 6th Straight 
Loud Noise Complaint Leads to NYC Heroin Bust 
Mayor Rob Ford Gets Daylight Savings Time Wrong 
China February Inflation Tame, Room for Policy Easing 
Peru: Van Der Sloot to Be Extradited to US in 2038 
New Zealand Sets Elections for Sept. 20 
Warriors Win 4th Straight, Hold Off Suns 113-107 
Equities Slide on Disappointing China Trade Data, Ukraine Crisis 
Ozil Ends Goal Drought, Over Penalty Miss, Says Wenger 
Softbank Unit Invests in Alibaba-Backed Online Education Firm 
China's Xi Urges Political Solution to Ukraine Crisis 
Man Convicted of Slaying 7 Awarded Nearly $500K 
Capless Perenara Eager to Get Back Into All Blacks Fold 
Kings Hold Off Flames for 3-2 Victory 
Exclusive: Chobani Seeks to Sell Stake at $2.5 Billion Valuation-Sources 
US-Russian 3-Man Space Station Crew Lands Safely 
Judge's Order Preserves NSA Surveillance Records 
Microsoft Counts on Shooter Game 'Titanfall' to Fire Up Xbox One Sales 
Highlights-China's Central Bank, Regulator Comments on the Economy 
Flooding in Central Montana Strands Hundreds, Forces Evacuations 
China Central Bank Sees Deposit Rate Liberalisation in Two Years 
Knicks Send 76ers to 17th Straight Loss 
APNewsBreak: Defense Contractor to Plead Guilty 
Gonzaga Beats BYU 75-64 for WCC Title 
Indonesia's Next Leader Unlikely to Ease Tough Mineral Export Rules 
Alibaba Buying Media Company ChinaVision for $804M 
Australian State Rejects Glencore Bauxite Mine Bid 
Hall's Shootout Winner Lifts Oilers Past Wild, 4-3 
DePaul Tops St. John's for Big East Women's Title 
South Korea Trade Deal Draws Fire From Canadian Auto Sector 
Analysis: Indonesia's Stock Market Set for Another Boost From Earnings 
China Says Will Keep Supporting Hong Kong as World Financial Hub 
Chinese Premier Says There Is 'Friction' With the United States 
Australia to Buy U.S. Triton Drones to Secure Indian Ocean Resources 
NZ Seeks Up to $680 Million in Genesis Stake Sale, Prices Offering Low 
New Zealand Raises Interest Rate to 2.75 Percent 
Nowitzki Leads Mavericks Past Jazz 108-101 
Knife-Wielding 'Assailants' Attack People in Central China: Xinhua 
'Into the Wild' Hunter Fatally Shot by Police in Alaska 
Alonso Fastest in First Practice in Australia 
China Central Bank Orders Halt to Online Payments Using QR Codes 
Drake, The 1975 Big Winners at MTV's Woodie Awards 
Knife Fight in China Sparks Rumors 
Tennessee Bill Would Legalize Wishing Students 'Merry Christmas' 
JM Marquez to Face Alvarado at Forum on May 17 
Mexico Charges Vigilante Leader With Murder 
Gorillaz Alums De La Soul, Del Join Albarn at SXSW 
No. 21 UConn Edges No. 13 Cincinnati 58-56 
No. 7 Duke Escapes Against Clemson, 63-62, at ACCs 
Mega Millions Jackpot Swells to $400 Million 
RadwansKa Reaches Indian Wells Final 
Stars Lose 1st Home Game Since Peverley's Collapse 
Clippers Extend Streak to 10 With Win Over Jazz 
Polee Lifts No. 8 San Diego St Past UNLV, 59-51 
Spurs Top Lakers 119-85 for 9th Straight Win 
Former Georgia Congressman Bo Callaway Dies 
Parents of Japan Abductee Meet NKorean Grandchild 
Former Boston Mayor Menino Has Advanced Cancer 
AMA Supercross Results 
ScHoolboy Q Basks in Glow of No. 1 at SXSW 
No. 16 Iowa State Beats Baylor 74-65 to Win Big 12 
Indian Ocean Poses Daunting Challenge in Search for Missing Malaysia Plane 
3rd Arrest Made in Colorado Socialite's Slaying 
Disputed Shootout Goal Leads Jackets Over Wild 2-1 
Providence Beats Creighton 65-58 to Win Big East 
Defense at Bin Laden Son-In-Law Trial Cites Alleged 9/11 Mastermind 
Hot Finishes Don't Mean Much to Committee 
Clarke Broke Shoulder in Cape Town, Ordered to Rest 
Touchdown Hank! Brewers' Pup Lands in Milwaukee 
Here's What Could Happen in NCAA Tournament 
As Russia Closes in, Ukrainians Fearful, Defiant 
Japan Does Not Recognize Crimea Vote: Government Spokesman 
India's Maruti Up on Plan to Seek Minority Shareholder Nod for Gujarat Plant 
Lippo, Caesars Get Green Light to Build Casino on South Korean Island 
ACLU Cites Free Speech in Suit Against Idaho's 'Ag Gag' Law 
Birthday Boy McCalman Banned for Two Weeks for Tip Tackle 
China February Home Price Inflation Slows for Second Month 
Hosts Australia Top Seeds for 2015 Asian Cup 
China Starts Search for Missing Jet in Chinese Territory 
Mavs Beat Celtics 94-89 to Open Long Homestand 
MTV Launches Memorial Site for Character's Death 
Flames Upend Sabres 3-1 
GOP's Rauner Calls Illinois Gov. Quinn 'a Failure' 
Major Plane Buyer Sees Boeing, Airbus Supply Chain Risk 
BOJ's Kiuchi: Japan Exports Likely to Remain Weak 
Sony Unveils Virtual Reality Headset for PS4 
Incognito Looking Forward to Finding a Team 
Taiwan Students Occupy Legislature Over China Trade Deal 
AP Source: DT Melton Agrees to Join Cowboys 
Vols Rally to Beat Iowa 78-65 in OT at First Four 
Blackhawks Star Patrick Kane to Miss About 3 Weeks 
Brooks Scores 27 in Nuggets' Win Over Pistons 
Reds Closer Chapman Hit in Face by Line Drive 
Australian PM Says Satellite Finds Objects Possibly From Missing Malaysian Jet 
Petkovic Dances Way Into Miami Second Round 
Love, Rubio Lead T-Wolves Over Mavs, 123-122 in OT 
Wheeler Scores in OT and Jets Beat Avalanche 
Wenger Reaches Milestone in London Title Showdown 
2 Children Die in Chinese Kindergarten Poisoning 
Mt. Gox Says It Found 200,000 Bitcoins in 'Forgotten' Wallet 
Johansen Lifts Blue Jackets Past Canadiens 
Amazon Closes Third-Party Store in China Over Fake Cosmetic Report 
Phelps Goes 6 Innings as Yankees Beat Red Sox 3-2 
LA Jury: Helmet Maker Not Liable for Player Injury 
Analysis of Possible Plane Debris Slowed by Vast Size of Satellite Data 
Purcell, Callahan Lift Lightning Past Senators 
No Charges Filed in Baseball Stabbing 
Venezuela Says Street Protests Have Caused $10 Billion in Damage 
New Mexico Cancels Permit to Expand Leaky Nuclear Waste Site 
Bruins Blank Avalanche for 11th Straight Win 
Student Arrested for Making Ricin in His Dorm in Washington D.C. 
Ellis, Mavs Put Away Nuggets in 4th, Win 122-106 
Three Malnourished, Bruised Children Rescued From California Home 
Lumberjacks Pull Off 77-75 Upset of No. 5 VCU 
Blackhawks Edge Hurricanes 3-2 Without Kane 
China Top Leader Reaffirms Economic Reforms 
Bruins Rally in 3rd Period, Win 12th in a Row 
Jazz Beat Magic on Burke's 3-Pointer 
Official: No Survivors Expected in Plane Crash 
Canadiens Edge Maple Leafs 4-3 
Spartans Hold Off Harvard 80-73 
Circus Elephants Escape, Damage Parking Lot Cars 
76ers' Skid Hits 24 Games With 91-81 Loss to Bulls 
Arizona Beats Zags 84-61 to Reach Sweet 16 
US Sends More Troops, Aircraft to Search for Kony 
'Homeland' Actor James Rebhorn Dies of Melanoma: Reports 
Russian Troops Seize Ukraine Marine Base in Crimea: Officer 
GM's Global Recall Includes Imported Buick Enclaves in China 
Virginia Beats Memphis 78-60 in NCAA East Region 
Ortiz, Red Sox Agree to 2015 Contract Plus Options 
Insight-Russia's Leading Role in the Indonesian Mining Revolution 
Former NBA Player: 'Tough Day' Being Reported Dead 
Drummond, Pistons Blow by Jazz 114-94 to Snap Skid 
Stars Edge Jets for 2-1 Victory 
Cowgirls Overpower Purdue 73-66 in Women's Tourney 
Odds Narrow on China Stimulus as Q1 Economy Seen Weakest in 5 Years 
Climate Scientists in Japan to Study Warming Risks 
BYU Women Beat Nebraska 80-76 for Sweet 16 Berth 
Baylor Women Beat Cal 75-56 to Get to Sweet 16 
Spurs Win 14th Straight, 76ers' Skid Now at 25 
Evans, Morrow Rally Pelicans Past Nets in OT 
Agents Protecting Obama Abroad Sent Home for Disciplinary Reasons 
Nadal Brushes Off Bomb Scare to Cruise Through in Miami 
South Carolina Knocks Off Oregon State 78-69 
Aggies Top James Madison 85-69 in NCAA 2nd Round 
Mt. Gox Says Working With Tokyo Police on Investigation 
Louisville Pounds Iowa 83-53 for Spot in Sweet 16 
Australia's Kewell Announces Retirement 
19-Year-Old Navy RB McKamey Dies in Coma 
Nowitzki Scores 32 as Mavs Beat Thunder 128-119 
Brazil's Anti-Spy Internet Bill Clears Lower House Vote 
NZ's Carter Desperate to Savour World Cup Win on the Pitch 
Glencore Suspends Australia Coal Mine as Market Worsens 
F1 Malaysian GP to Honor Plane Victims 
U.S. Navy Plans Competition for Next-Generation Missile 
China Regulators Order End to Smog Insurance Sales 
Pacers Use Rally Late to Beat Heat 84-83 
Duncan Leads Spurs Over Nuggets 108-103 
Pacifica Radio in Turmoil as Ousted Executive Stages Sit-In 
Lundqvist, Rangers Top Flyers 3-1 
Barrie Tips in OT Winner as Avs Beat Canucks 3-2 
Grenade Attack on Thai Anti-Graft Office Ahead of PM Hearing 
China Soldiers Remains Return 6 Decades After War 
Mercedes Fastest in Practice for Malaysian GP 
Clippers Rally to Beat Mavs 109-103 
Golf Capsules 
Tigers' Cabrera Gets Record $292M, 10-Year Deal 
Fielder Homers and Rangers Beat Mexican Team 7-4 
Lackey, Middlebrooks Lead Red Sox Past Twins 4-1 
Flames Rally Past Rangers 4-3 
Phillies Trade for INF Nix 
Raptors Edge Celtics to Make Playoffs 
Spurs Win 16th Straight, Beat Nuggets 133-102 
Piers Morgan Ends CNN Show With Gun-Control Plea 
Braun Homers in Return to Miller Park 
Stars Too Much for Predators 7-3 
Trout, Angels Agree to $144.5 Million, 6-Year Deal 
GM Recalls Cruze Compacts to Fix Front Axle Shafts 
Millers Both Knocked Out in Elite Eight 
Wild Rally in 3rd Period to Beat Coyotes 3-1 
Mavs Extend Kings' Dallas Skid With 103-100 Win 
Wisconsin Beats Arizona 64-63 in OT in West Region 
Belinelli, Spurs Top Pelicans 96-80; Streak at 17 
Oberholtzer Leads Astros Past Mexican League Club 
Australia Taps Former Defence Chief to Coordinate MH370 Search Support 
Wilson Falters in Eighth as Padres Rally for Win 
Knicks Beat Warriors 89-84, Eye Final Playoff Spot 
Aldridge's 28 Lead Blazers Past Grizzlies, 105-98 
Few Locks to Pick for Blues After Impressive Win 
Vogts Hired as Special Adviser to Klinsmann 
Smith, Denorfia Lift Padres to 3-1 Win Over LA 
Talbot, Nash Lead Rangers Over Oilers 5-0 
Sanctions Denied Over Deadly Nevada Amtrak Crash 
Marlins' Opening Day Bash Gives Fans Reason to Return 
Mexico Confirms Knights Templar Cartel Leader Dead 
Japan OKs Easing of Military-Related Exports 
Grizzlies Hold On to Beat Nuggets, 94-92 
HP Agrees to Pay $57 Million to Settle Shareholder Lawsuit 
UConn Women Top Aggies 69-54, Head to Final Four 
Knicks Beat Jazz 92-83 to Finish 3-2 Road Trip 
New iPhone 6 Screens to Enter Production as Early as May: Sources 
Voting Machines Lead to Delay in DC Results 
China's COFCO to Pay $1.5 Billion for Stake in Noble's Agribusiness 
Lightning Clinch Playoff Spot With Montreal Win 
Beltre Sends Rangers Past Phillies 3-2 in 9th 
Curry Leads Warriors Past Mavericks 122-120 
BlackBerry Ends Licensing Deal With T-Mobile 
Transcript of Communications Between Malaysia Flight MH370 and Ground Control 
Nets Clinch Playoff Berth Win With Over Rockets 
Faried Leads Nuggets' 137-107 Rout of Pelicans 
Chile President Evacuated From Arica Coastline After Quake 
Astros Down Yankees Again, 3-1 
Knicks Beat City Rivals Nets to Help Playoff Drive 
Chile Orders Preventive Evacuation of Northern Coastline 
Choo Bases-Loaded Walk, Texas 4-3 Win Over Philly 
Former China Mining Boss Denies Charge of Leading Gang 
Strong 7.8 Magnitude Quake Hits Off Northern Chile-USGS 
Report: Seahawks Reach Extension With Carroll 
Leafs Beat Bruins but Playoff Hopes Remain Dim 
Penguins Clinch Metropolitan After Flyers Lose 
Solarte's 3 Hits Lead Yankees Over Astros, 4-2 
Martin Scores on Power Play, Pens Beat Jets 4-2 
Kadri Lifts Leafs Over Bruins in OT 4-3 
Soth Korea Extending Ballistic Missile Range to Counter North's Threat 
Blackhawks Stop 3-Game Slide With Win Over Wild 
Durant, Thunder End Spurs' 19-Game Win Streak 
Japan Orders Military to Strike Any New North Korea Missile Launches 
Jazz Slip Past Pelicans for 100-96 Victory 
5-Year-Old Finds Flaw in Xbox Live Security 
Mariners-A's Postponed Because of Soggy Field 
Hagel Backs Japan Plan to Bolster Self-Defense 
Tanaka Wins Debut, Yankees Beat Blue Jays 7-3 
Bulls Beat Bucks 102-90, Win Fourth Straight 
Banter Keeps Up Morale Among Flight 370 Searchers 
Stern on 'Late Show' Job: 'My Plate Is Full' 
Chase Elliott Grabs 1st Career Nationwide Victory 
Wisconsin Falls Short, Loses 74-73 to Kentucky 
Young Proves to Be Unsung Hero in Kentucky Win 
Brewers Beat Red Sox 7-6 in 11 Innings 
Mexican Ruling Party State Official Held on Suspicion of Gang Links 
Arenado, Rockies Rally Past D-Backs 9-4 
DeRozan Scores 23, Raptors Top Bucks 102-98 
Wie and Thompson Tied for Lead at LPGA Major 
Braves Rally Past Strasburg and Nats for 6-2 Win 
FINALS WATCH: Celebrities Aplenty, as Usual 
NY Bank Regulator Lawsky Seeks Documents From Credit Suisse-Source 
U.S. Sack Women's Coach Sermanni After Victory 
Japan PM Abe Wants to Confirm Further Cooperation With Australia 
Durant Scores 38 but Suns Beat Thunder 122-115 
Actor Mickey Rooney, America's Boy Next Door, Dies at 93 
Hogan Hosts at 'WrestleMania 30' 
Aldridge, Blazers Top Pelicans to Clinch Playoffs 
Factbox: Winners at the Academy of Country Music Awards 
Huskies Flash Athleticism in Title Game 
Jordan Lyles Leads Rockies Past White Sox 8-1 
Report: Autopsy Shows Miriam Carey Shot 5 Times 
Vargas, Escobar Lead Royals to 4-2 Win Over Rays 
U.S. Movie Studios Sue Megaupload, Founder Dotcom 
GM to Invest $450 Million in Two Michigan Plants: Detroit News 
Japan, Fresh From Australia Pact, Says U.S. Trade Talks 'Difficult' 
Royals' Infante Hit in Face by Pitch From Bell 
Coyle, Bryzgalov Lead Wild Past Jets 1-0 
Samsung's Lower First Quarter Estimate Highlights Smartphone Challenges 
Wild Edge Bruins in Shootout to Seal Playoff Berth 
Thorpe 'in Good Spirits' as He Fights Infection: Manager 
Loney's Single in 9th Lifts Rays Over Royals 1-0 
Pirates Beat Castro (2 HRs) and Cubs 7-6 
Stars Earn 3-2 Shootout Win Over Predators 
Japan, US Struggle to Bridge Gaps Over Trade Pact 
Cardinals Rally Past Reds 7-5 
Shuttle Bus Drivers Go on Strike at Phoenix Airport 
Indonesia Opposition Party Leads in Early Results 
Beijing Eyes Smog Controls Ahead of APEC Meeting 
iPhone's 'Slide to Unlock' Creator Greg Christie to Leave Apple: WSJ 
Car Bomb Explodes Outside a Greek Central Bank Building, No Injuries 
Isner Loses to Brown in Clay Court Tourney 
Car Bomb Explodes Outside Bank of Greece 
Foye Leads Nuggets Past Rockets, 123-116 
Blue Jackets Down Dallas to Storm Into Playoffs 
Detroit Reach Playoffs for 23rd Straight Season 
China Exports Unexpectedly Fell in March 
U.S. Agency Recommends Shorter Prison Sentences for Drug Offenders 
Del Piero Could Join A-League Farewells on Final Weekend 
Latest 'Ping' Unlikely to Be From Missing Malaysia Plane-Search Official 
CIA's 'Harsh Interrogations' Exceeded Legal Authority: Report 
Japan Minister to Head to U.S. for Trade Talks Next Week: Media 
Hackers Steal South Korean Credit Card Data to Aid Forgeries 
DoJ Probes Citigroup Unit Over Suspicious Transactions: WSJ 
Myanmar Papers Protest Sentencing of Reporters 
50-Acre Connecticut Estate Sells for $120 Million 
Gillaspie Leads White Sox Past Indians 9-6 
Upton Lifts Braves Past Nats 7-6 in 10 Innings 
Trail Blazers Topple Jazz 111-99 
Michigan State's Payne Honored at Wooden Gala 
Colabello, Gibson Lead Twins Past Royals 10-1 
Knight, Sessions Help Bucks Hold Off Cavs, 119-116 
Songwriter Jesse Winchester Dies at Age 69 
Daley, Stars Beat Blues 3-0, End Playoff Drought 
Militia Members, Ultra-Conservatives Rally to Cause of Nevada Rancher 
Dallas Mavericks Win Playoff Berth 
Sharp Eyes Another Share Offering, Could Raise $2 Billion: Media 
Faried Helps Nuggets Rally Past Jazz 101-94 
Fire Engulfs Parts of Chile's Valparaiso Port, 100 Houses Destroyed 
Nats 3B Zimmerman Has Broken Thumb, Out 4-6 Weeks 
Ellis, Nowitzki Top Suns, Get Mavs in Playoffs 
4 Remain Hospitalized in School Stabbing Rampage 
Orioles Outlast Blue Jays 2-1 in 12 Innings 
Asian Stocks Decline After US Losses 
2 Abu Sayyaf Militants Killed in Philippine Raid 
Grizzlies Beat Lakers 102-90; Stay in Playoff Hunt 
McCallum, Cousins Rally Kings Past Timberwolves 
Coyotes Beat Stars 2-1 to End Season 
Red Sox Manager Ejected After Replay Dispute 
'Small-Town Guy Named Bubba' Once Again Rules the Masters 
Spezza Lifts Senators to SO Win Over Penguins 
Bonino Puts Ducks Past Avalanche in Season Finale 
Column: Can Bubba Be More Than Golf's Local Hero? 
Herbalife Hit With Investor Lawsuit Over 'Pyramid' Claims 
Infosys Fourth-Quarter Net Profit Up 25 Percent, Beats Forecasts 
Zebra Tech to Buy Motorola Solutions' Unit for $3.5 Billion: FT 
New Zealand's Weepu Wept After Stroke Diagnosis 
South Korean Lee's Doping Ban Reversed 
Storm Topples RVs Near Mississippi's Gulf Coast 
Young Scores 41 to Lead Lakers Past Jazz, 119-104 
Mariners Add Run on Replay, Beat Rangers 7-1 
Japanese Whaling Group Intends to Resume Its Hunts 
Bautista, Lawrie Lift Blue Jays Over Twins 9-3 
China Blames France's Veolia for Supervision Flaws in Tap Water Pollution Case 
BOJ Kuroda Says Watching Stock Price Moves Carefully 
Australian State Premier Resigns Over A$3,000 Bottle of Wine Gift 
Royals Down Astros 4-2 
Uruguay's Leader Declares $322,883 in Wealth 
One Person Found Dead in Sinking South Korean Ferry-Coast Guard 
Cards Pitching Shuts Down Brewers Again 6-1 
Nas Kicks Off Tribeca With Documentary, Concert 
Canny Australians Build a Bulwark Out of Housing Debt 
Weibo Valued at $3.46 Billion After Bottom-End IPO Pricing 
China Releases Blogger on Bail, Jails Another Amid Rumor Crackdown 
Grizzlies Grab 7th Seed, Beat Dallas 106-105 in OT 
Burke's 32 Lift Jazz Over Wolves in the Finale 
Rangers Rally for 2 in 9th to Beat Mariners 3-2 
BP Says Shore Clean-Up After Gulf of Mexico Oil Spill Ends 
Stanford Takes 1-Shot Lead Over Wie at LPGA LOTTE 
China Sentences Activists for Urging Asset Disclosure: Lawyer 
China Home Price Inflation Cools to 8-Month Low in March 
South Korea Coastguard Denies Divers Have Entered Capsized Ship 
Avalanche Sweeps Everest; 6 Killed, 9 Missing 
Hawaii Lawmakers Agree to End Police Sex Loophole 
Neighbors Rushed in Vain to Help in California Bus Crash That Killed 10 
McCutchen, Alvarez Lead Pirates Over Brewers 
Tulo Backs Chatwood and Rockies Beat Phillies 12-1 
Police Raid LA Times Building After Threat Reports 
Loney Has 4 RBIs, Rays Beat Yankees 11-5 
Golf Capsules 
Rangers Top White Sox 12-0 in Perez's 1st Shutout 
Vargas Shuts Down Twins, Leads Royals to 5-0 Win 
Orioles Cruise to 8-4 Win Over Red Sox 
Stanford Takes 4 Stroke Lead at LPGA LOTTE Tourney 
Pujols Hits 497th Homer, Angels Beat Tigers 11-6 
Stanton's Slam Sends Marlins Past Mariners 8-4 
Obamacare Enrollees Urged to Change Passwords Over Heartbleed Bug 
FSU's Martin Becomes Third D-I Coach to Win 1,800 
Toyota Motor Aims to Double Sales in China to 2 Million Vehicles in Future 
Blue Jackets Edge Penguins 4-3 in Double Overtime 
Lewis Gets 1st Win in 2 Years, Texas 6-3 Over WSox 
NASA: Engineer Vital to Moon Landing Success Dies 
Lyles' Pitching, Morneau's HR Key Rockies' Win 
Hanigan, Archer Key Rays 16-1 Win Over Yankees 
Braun Homers Twice, Rallies Brewers Over Pirates 
Joss Whedon Releasing Film for Digital Download 
Wilshere Will Be Back and Polished for World Cup-Wenger 
Prosecutor Says 4 Ferry Crewmembers Detained 
Asian Stocks Mixed After Holiday Weekend 
Red Sox Rally for 6-5 Win Over O's 
Villa Owner Lerner to Decide on Future at End of Season 
China Seizure of Ship Could Hurt Japan Business: Japan Spokesman 
SKorea: Ferry Didn't Take Hard Turn Before Sinking 
Asia-Pacific Navies Sign Communication Agreement 
Grizzlies Beat Thunder 111-105 in OT to Tie Series 
Blackhawks Blank Blues 2-0 in Game 3 
Ramirez, Braun Lead Brewers to 4-3 Win Over Padres 
'Do You Mean Teacher?' Asks Boy on South Korean Ferry as Rescuers Seek Captain 
Gattis Homers in 10th, Braves Beat Marlins 4-2 
UNM's Crusoe Gongbay Suspended, Facing Charges 
Alaska Pot Legalization Vote Pushed Back to November 
Youth Served as DeRozan Leads 'Northern Uprising' 
Pujols Blasts Two Homers to Join 500 Club 
White House 'Horrified' by Massacre of Hundreds in South Sudan 
Japan Inflation May Have Beat BOJ Forecast-Kuroda 
Froman in Japan Early, Seen Meeting Economy Minister for Talks: Kyodo 
China Stops Prominent Rights Lawyer From Meeting German Minister 
Bills Coach Marrone Had Cancerous Mole Removed 
China Mobile Profit Down 9.4 Percent 
Obama Calls for Peaceful End to Island Dispute 
China Tells Officials to Fly Discount on Government Travel 
Minnesota's Cooke Handed Seven-Game Ban for Knee Assault 
Japan, U.S. to Continue TPP Talks at Ministerial Level: NHK 
U.S. Mother, Officials Settle Suit Over Airport Breast Milk 
Uruguay Not Among World's Elite, Says Coach 
China Frees Japanese Boat After Boat Owner Pays Up 
China Bans Petitioners Appealing Directly to Higher Authorities 
Donaldson Leads A's Past Astros 10-1 
Arkansas Judge Strikes Down Voter ID Law as Unconstitutional 
U.S. and Japan Have TPP Market Access Breakthrough: Official 
Exclusive: Obama May Call EU Leaders in Russia Sanctions Push-Sources 
Exclusive-Obama May Call EU Leaders in Russia Sanctions Push: Sources 
Bowling Wins Denny Hamlin Short Track Showdown 
Cashner Plays OF, Nady's Padres Top Nats 4-3 in 12 
Bruins Beat Red Wings 3-2 in OT, Up 3-1 in Series 
Michael Dell to Sell Gardening Firm ValleyCrest to KKR Unit: FT 
Tigers Ride Big 3rd Inning to 10-6 Win Over Twins 
Garza and Brewers Beat Cubs 5-2 
Miller Helps Cardinals Beat Pirates 1-0 
Harper Has 4 RBIs, Leaves Early in Nats' 11-1 Win 
Toews Lifts Blackhawks Past Blues 3-2 in OT 
Top Fuel Rookie Richie Crampton Leads Qualifying 
Bulls Beat Wizards 100-97, Trail Series 2-1 
Rookie Ventura Leads Royals Past Orioles 5-0 
G7 Leaders Agree to Impose New Sanctions on Russia Over Ukraine Crisis 
Sheriff: Coast Tightrope Walker Swept Into Ocean 
Central US Bracing for Possible Severe Weather 
Motorist Plucks Crawling Boy to Safety From Busy Utah Road 
Marlins Rally Past Mets 7-6 in 10 Innings 
Willie Nelson Inducted in Austin City Limits Hall 
U.S., Japan Unlikely to Wrap Up Trade Deal by May TPP Talks: Japan Official 
Logano's Late Move Gets Him Victory at Richmond 
Robot Sub to Extend Search Area for Missing Plane 
Brazil Penpix of Likely Squad for World Cup Finals 
Teixeira, Ellsbury Help Yankees Edge Angels 3-2 
Ducks Beat Stars 5-4 in OT to Clinch Series in 6 
Protests Could Disrupt Brazil's World Cup Quest: Scolari 
Obama Praises Business Deals, Touts U.S. Enterprise 
Obama Praises Business Deals, Touts U.S. Enterprise 
Guadalajara Face Revamp After Missing Last-Eight Cut 
De Aza Leads White Sox Comeback Win Over Rays 
South Korea's President Apologizes Over Ferry 
Chinese Premier Calls for Investment in Key Region to Support Economy 
Sinopec Profit Falls 15.3 Percent on Yuan Weakness 
Australian Prime Minister Won't Rule Out New Levy 
Gray Throws 3-Hitter for A's in 4-0 Win at Texas 
Hawks Take Series Lead With 107-97 Win at Indiana 
Royals Use 6-Run 8th to Rally Past Blue Jays 10-7 
Holaday's Bunt Gives Tigers 4-3 Win vs White Sox 
Simmonds Goals Help Flyers Force Decider Against Rangers 
LaRoche's 2 RBIs Leads Nationals Over Astros 4-3 
Shootouts Claim 14 Lives in Northern Mexican Border City 
Niese, Murphy Lead Surprising Mets Past Phils 6-1 
Microsoft to Sell Xbox One Console in China 
Muslims, Sikhs Object to Headscarf Ban at California Go-Kart Parks 
Clippers Start Healing Process After Sterling Ban 
Pilot, Plane Recovered From San Francisco Bay 
Blasts at India Train Station Kill 1, Injure 14 
AT&T Has Approached DirecTV About a Possible Acquisition-WSJ 
Career High for Clarke as Australia Return to the Summit 
China-Russia to Hold East China Sea Naval Drills 
Rendon, Zimmermann Lead Nationals to Win 
Japanese Utilities Post Losses, Seek State Support 
Royals Hold On for 4-2 Victory Over Blue Jays 
Chavez Pitches A's to Sweep of Rangers in 12-1 Win 
Google Faces Antitrust Lawsuit on U.S. Mobile Internet Search 
Fla. Senate Approves In-State Tuition Bill 
North Korea Seen Testing Engine for Intercontinental Ballistic Missile 
Rockies Beat Mets 7-4 Behind Nicasio's Arm, Bat 
Subban Leads Canadiens to 4-3 OT Win Over Bruins 
After Bombing in West, China Angered by U.S. Criticism in Terror Report 
Racist Remarks by Clippers Owner Recorded With His Consent: Lawyer 
Interpol, Philippines Bust Cyber Extortion Network 
Blue Jays Beat Royals 7-3 to Avoid Series Sweep 
Thunder Force Game 7, Beat Grizzlies 104-84 
Japan Considers Tax Breaks to Promote Investment, Help Companies: Report 
Stiviano Speaks About Sterling, Recording 
Pirates Rally in 9th, Beat Blue Jays 6-5 
Porcello Pitches Tigers to 8-2 Win Over Royals 
Relative: Hawaii Won't Let Dad See Teen Stowaway 
Morse, Pagan Back Lincecum in Giants' 2-1 Win 
Ellis, Mavs Top Spurs 113-111, Force Game 7 
Pedroia Slam Helps Red Sox to 7-1 Win Over A's 
Colombia Court Backs Santos in Sea Boundary Dispute With Nicaragua 
Gaborik Leads Kings to 3-2 OT Win vs Ducks 
Crawford's 11th-Inning Homer Lifts Dodgers 
Three Students Expelled for Harassment at California College: Report 
Portland Fire Officials Respond to 6 Fires 
Fox Network Says Naya Rivera to Remain on 'Glee' 
San Francisco Mayor Looks to Use His City's Force to Attract Lucas Museum 
LAPD Officer Killed in Hit-And-Run Car Crash 
Indiana Health Officials: MERS Patient Improving 
Thunder Beat Grizzlies 120-109 in Game 7 
US Wins Inaugural Concession Cup 
Former Congressman Jim Oberstar of Minnesota Dies at Age 79 
Asia Stocks Slip as China Manufacturing Shrinks 
China's Trade Situation to Improve After May-Commerce Ministry 
Hon Hai in Talks to Buy 22 Percent of Asia Pacific Telecom: Report 
Cardinals Beat Cubs 5-4 
China Manufacturing Shrinks for 4th Month 
Tulowitzki's 2 Homers Lead Rockies Past Rangers 
Colombia's Santos Keeps Lead in Opinion Poll on Election; Rival Gains 
Gomez Leads Brewers Past Diamondbacks 8-3 
WWII B-17 'Flying Fortress' in Skies Over Seattle 
Apple's New Retail Chief Granted $68 Million in Restricted Stock 
I-15 Closes NE of Los Angeles After Bridge Fire 
Airliner Engine Failure Closes Australian Airport 
Clinton to Raise Money for Margolies Campaign 
Primary Featuring Clay Aiken Too Close to Call 
Hill Homers to Give D-Backs 7-5 Win Over Brewers 
Christie's NY Has Its Best Impressionist, Modern Sale Since 2010 
Red Sox Beat Reds 4-3 in 12 on Sizemore Wall Ball 
Designer Drugs Banned in New Zealand After Outcry 
2-Run 8th Lifts Orioles Past Rays 5-3 
Factbox: Alibaba's IPO, Fees Among Biggest for New Listings 
South Korea Coach Hong Gambles on Park for World Cup 
Centred Beale Has Burning Desire to Prove Doubters Wrong 
Crashed Drones Programmed to Fly From North Korea and Back: South Korea 
Veterans Affairs Secretary Won't Resign, Is 'Angry' Over Claims 
Ma's Dealings Raise Red Flags at Alibaba 
China Detains Journalist on Charges of Leaking State Secrets 
White Sox Beat Cubs 8-3 for 4th Straight Win 
Arenado Record Streak, Rockies Rout Texas 9-2 
South Africa's Ruling ANC Takes Early Election Lead 
Youth Will Do Australia Proud in Brazil, Says Former Coach 
QB Johnny Manziel Falls to Cleveland Browns 
Rangers Rebound for 5-0 Win Over Rockies 
Elderly Missouri Woman Found Guilty of Killing Husband 40 Years Ago 
Pearce and Jimenez Help Orioles Sweep Rays, 3-1 
China Vehicle Sales Rise 8.8 Percent in April 
Darvish Denied No Hitter in Rangers Rout of Boston 
Freeman Lifts Braves Past Cubs 3-2 in 10th Inning 
Tanaka Wins Again as Yankees Beat Brewers 5-3 
Darvish 1 Out Shy of No-No, Rangers Rout Red Sox 
Aviles Hits 3-Run Homer, Indians Beat Rays 6-3 
Kyle Busch Dominates in Trucks for Kansas Win 
San Francisco Firefighter a 'Scapegoat' in Death of Asiana Passenger: Lawsuit 
Australia to Splash Cash on Medal Prospects 
Opinion, Reaction in Arkansas Gay-Marriage Ruling 
Orioles Slip Past Astros 5-4 in 10 Innings 
Gordon Pulls Away Late for Win at Kansas Speedway 
Sabathia Struggles Again, Brewers Beat Yankees 5-4 
Report: Gov't Agents Protected Director's Aide 
Ortiz Homers and Doubles, Red Sox Beat Rangers 8-3 
Few English Players at Man City, Chelsea 'Depressing'-Dyke 
Authorities Help Runaway Cows Get Back Home 
Protest Over Incinerator Hurts Dozens in China 
Nets Hand Heat First Playoff Loss 
Cardinals Hold On to Beat Pirates 6-5 
Toews Helps Blackhawks Beat Wild 2-1 in Game 5 
Pacers Eye Return to East Final After Win Over Wizards 
IBM Facing 'Rocky Time', but Poised for Change, CEO Says: NYT 
North Korea Denies Drone Flights, Calls South Korean President 'Prostitute' 
Grieving St. Louis Scores Mother's Day Goal as Rangers Tie Series 
U.S. Objects to Detroit Debt Plan in Bankruptcy Court 
California Bill Would Ban Fundraising Bashes at Lobbyists' Homes 
Lake Homers, Drives in 6, Cubs Rout Cardinals 17-5 
Canada Prosecutors Charge Driver in Lac-Megantic Railway Crash 
Canada Prosecutors Charge Driver in Lac-Megantic Railway Crash 
China Detains Man for Selling 'False' Reports to Foreign Website 
Beltre and Odor Homer in Rangers 4-0 Win 
AT&T in Talks to Buy DirecTV for Nearly $50 Billion-Sources 
Mets Hit 4 HRs, Rally Twice to Beat Yankees 9-7 
Samsung's 'Crown Prince' in Focus as Father Hospitalized 
Parmelee's HR in 9th Lifts Twins Over Red Sox 8-6 
Police Raid Activist Dinner Party in China 
British Executive Accused in China Drug Bribery 
Battered Brewers Beat Pirates, Cole 5-2 
Keuchel Pitches 7-Hit Shutout, Astros Blank Texas 
Marlins' Fernandez Has Elbow Tear, Surgery Looms 
Rangers Send Penguins Packing With Game Seven Win 
Granderson and Mets Rough Up Yankees Again, 12-7 
Japan PM to Pitch Security Change to Divided Voters, Wary Partner 
New Zealand Government Projects Budget Surplus 
Stewart's Single in 9th Helps Pirates Beat Brewers 
Ortiz Goes Deep Twice _ Again _ Red Sox Beat Twins 
Five Vietnamese, 16 Others Described as Chinese Dead in Vietnam Rioting: Doctor 
Parker Leaves With Tight Hamstring, Won't Return 
Obama Assigns Deputy Chief of Staff to Veterans Affairs Review 
Kerr to Coach Golden State 
Heat Fight Back to Secure Eastern Final Spot 
Murphy, Chisenhall Get 5 Hits Each for Indians 
Highlights: Indian Election Latest: BJP's Alliance Leads in 215 Seats 
GSK Case a 'Warning' to Behave for MNCs in China: Xinhua 
Orioles Beat Royals 2-1 to Snap 4-Game Streak 
India Opposition Appears Headed for Election Win 
NBA Playoff Capsules 
Pacers Clinch Series With 93-80 Win Over Wizards 
Defendant Describes Vegas Dancer Dying in His Arms 
Counting of Votes Begins in India's Mammoth General Election 
De La Rosa Keys Rockies' 3-1 Win Over Padres 
Wiggins Extends Lead at Tour of California 
Pipeline Collapse in Coal Mine Kills 11 in China 
Dunn's 3-Run Blast Sends White Sox Past Astros 7-2 
LA Kings Eliminate Rival Ducks 6-2 in Game 7 
Lockheed Machinists on Strike at Mississippi Space Center 
Factbox: Candidates in Colombia's Presidential Election 
Scherzer Pitches Tigers Past Red Sox, Lester 1-0 
Craig, Lynn Lead Cardinals Past Braves 
Third Poll Gives Zuluaga Edge Over Santos in Colombia Presidential Race 
Blue Jays Beats Rangers 4-2 
Early George Harrison Guitar Fetches $657,000 at Beatles Auction 
McMurray Pulls Off Surprise Win in All-Star Race 
Busch's All-Star Struggles Continue at Charlotte 
Growth in China's New Home Prices Cools to 11-Month Low 
D-Backs Fan Scores 2 Homers 
Last Teen Hurt in School Stabbing Spree Discharged 
Strong Earthquake Hits Indonesia; No Casualties 
Arrest in Fatal Stabbing Near Little League Field 
Athletics Overcome Kazmir's Ejection for 6-2 Win 
Asian Stocks Lower on Weak China Housing Data 
Australian Scott Overtakes Tiger Woods as World No. 1 
Calif. Mom Accused of Assaulting Daughter's Bully 
Taiwan's Formosa Plastics to Seek Compensation From Vietnam Over Damage 
Azarenka Out of French Open Due to Foot Injury 
Tigers Finish Sweep of Red Sox With 6-2 Win 
Mexico's Conservative Party Keeps Leadership 
Indonesian Presidential Frontrunner Picks Popular Ex-VP as Running Mate 
Spurs Silence Thunder With Game One Win 
Duncan Helps Spurs Rout Thunder in Series Opener 
White Sox Rally From 5-Run Hole, Beat Royals 7-6 
Paul McCartney Cancels Japan Tour Due to Virus 
Military Acquisition Rules Hamper U.S. Ability to Counter Cyber Threats 
China Warns U.S. of Retaliation After Accusations of Cyberspying 
Thai Army Tells TV Stations Run by Rival Political Groups to Shut Down 
China Signals Green Light for Local Government Bond Sales in 2014 
China Faces Arduous Task to Achieve 2014 Trade Growth Target 
Brantley's Homer in 10th Beats Tigers 5-4 
BOJ Offers Brighter View on Capex, Tepid Exports Cloud Outlook 
Australia Alleges Smuggler Had Bird Eggs in Pants 
White Sox Edge Royals 7-6 
Critics of Supersized CEO Pay Face Uphill Fight at McDonald's 
Tanaka's Unbeaten Streak Stopped by Cubs 
Sharks Flanker Deysel Gets Three-Week Ban for Head Stamp 
Gonzalez, Puig Lead Dodgers to 9-4 Win Over Mets 
James Helps Heat Beat Pacers 87-83 in Game 2 
Spurs Rout Thunder to Take 2-0 Series Lead 
Glencore to Shut Australian Newlands Underground Coal Mine in 2015 
Spurs Roll to 2-0 Lead With 112-77 Rout of Thunder 
China to Begin Internet Security Checks Amid Cyberspying Row - Xinhua 
Colorado Tightens Control on Marijuana Edibles, Concentrates 
Kings Top Blackhawks 6-2 to Even Western Conference Finals 
Moss' HR Is A's Only Hit in 3-2 Win Over Rays 
Exclusive-Japan Post Insurance Shifts to Stocks, Foreign Bonds in Bet on Abenomics 
Guthrie Strong in Royals' 3-1 Win Over White Sox 
Tennessee Reinstates Electric Chair as Death Penalty Option 
'Gang Related' Explores Los Angeles' Darker Side 
Indian Consulate in Afghanistan's Herat Under Attack - India 
Nationals Waste Chances in 3-1 Loss to Pirates 
China Mine Tycoon Sentenced to Death in Gang Case 
Indians Beat Orioles 8-7 in 13 Innings 
Montreal Canadiens Beat New York Rangers in Overtime 
Galchenyuk Nets OT Goal, Canadiens Beat Rangers 
Gunmen Attack Indian Consulate in Afghanistan 
Sale Retires 18 of 19, White Sox Beat Yankees 3-2 
Crash of Small Plane Kills Four in New Mexico 
Flight Diverted to Phoenix Over Unruly Passenger 
Kershaw Goes 6 Strong, Dodgers Beat Phillies 2-0 
Laird Delivers in 8th, Braves Top Rockies 3-2 
Figueroa's 2B in 9th Leads Rays Past Red Sox 1-0 
Boy Scouts Leader Gates Won't Press Gay Adult Membership Issue 
Takeover Shores Up U.S. Lobbying Giant Patton Boggs 
Diamondbacks-Mets Postponed by Rain in 4th Inning 
Morton Paces Pirates Past Nationals 4-3 
China Fighters Within Meters of Japan Military Planes: Minister 
Heat Rally Late, Beat Pacers 99-87 in Game 3 
Flooding in South China Kills 19, Destroys Homes 
Heat Recover to Take 2-1 Lead Over Pacers in East Final 
Kings Take Series Lead Over Blackhawks 
AP Sources: T-Wolves Want Joerger as Coach 
Heat Rally Late, Beat Pacers 99-87 in Game 3 
Serena to Meet French Friend in Paris Opener 
Carter Leads Kings Past Chicago 4-3 in West Final 
No Center Court for Nadal at Start of French Open Defense 
Mexican Rebel Leader Marcos Retires, Says 'No Longer Exists' 
Australian Senator Produces Fake Bomb at Hearing 
Blake Back in Form, Leads Jamaica to 4x100 Relay Title 
Kakao Eyes Backdoor Listing by Combining With Daum 
Thunder Beat Spurs in Game Three of Western Conference Finals 
Asia Stocks Rise on US Home Sales, S&P 500 Record 
Thai Construction Shares Jump on Government Stimulus Hopes 
St. Louis' OT Goal Lifts Rangers Over Habs 
Springer Powers Astros' 9-2 Win Over Royals 
India Names Arun Jaitley as Finance and Defense Minister: Government Statement 
LA Kings Beat Chicago 5-2, Take 3-1 Series Lead 
In 1st Since WWII, Japan Army Chief Visits Myanmar 
Ryu Perfect for 7, Dodgers Hold Off Reds 4-3 
Stories of Victims in California Rampage 
Pollock Homers in 9th, D-Backs Top Padres 7-5 
LeBron on Fire as Heat Go 3-1 Up Over Pacers 
Tea Party Appears Poised for Big Victories in Texas Run-Offs 
UBS Names New Global Head of Cash Equities, Reshuffles Australia Team 
Rockies Beat Phillies 6-2 
Thunder Rumble Past Spurs to Level Series 
Westbrook Scores 40, Thunder Tie Series at 2-2 
Australia Opposition Leader Expects Mining, Carbon Taxes to Be Repealed 
Canadiens Beat Rangers to Stay in Stanley Cup 
China Vanke Says Property Sector's 'Golden Era' Over, Demand Outlook Solid 
Google to Build Prototype of Truly Driverless Car 
Proposed Rule Would Hurt Poor Students, For-Profit U.S. Colleges Say 
Nadal Faces 20-Year-Old Thiem in Second Round 
As Asia Frets Over China, Warmer Welcome Likely for Japan PM's Push 
Blackhawks Beat Kings 5-4 in 2OT to Stay Alive 
California Lawmakers Reject Bill Requiring Labeling on GMO Foods 
BOJ's Shirai Says Stimulus Support Will Continue Beyond 2015 
Yankees Beat Cardinals 7-4, Take Series 
Saunders, Rangers Grind Out 1-0 Win Over Twins 
Pacers Stay Alive With 93-90 Game 5 Win Over Heat 
China Promises Improvements in Restive Northwest 
2 Boys Share Spelling Bee Title After Long Duel 
China Fines Eye-Care Companies on Pricing Charges 
Ninja Knowledge Underlies New 'Brazuca' Ball: Researcher 
Morse Propels Giants Past Cardinals 6-5 
Spurs Rout Thunder to Take 3-2 Lead in West Finals 
Australia's Envestra Backs $2.2 Billion Cash Takeover by Li Ka-Shing's CKI 
Springer Homers Again, Astros Beat Orioles 
FIFA Likely Won't Be Able to Fully Test WCup Venue 
Bumgarner, Pence Help Giants Beat Cardinals 9-4 
China Indicts Eight for Tiananmen Car Attack: Xinhua 
Psy's 'Gangnam Style' Hits 2 Billion YouTube Views 
U.S. to Miss Deadline for Removing Nuclear Waste From Los Alamos 
Kane Leads Blackhawks Past LA Kings, Into Game 7 
Braun Leads Brewers to 11-5 Win Over Cubs 
Pierzynski Lifts Red Sox Over Rays 3-2 in 10 
Chinese National Freed After Two Months in Captivity 
Dressing the VA's Wounds: What Obama Faces Now 
Villar Lifts Astros to 2-1 Win Over Orioles 
Spurs Beat Thunder in OT, Advance to NBA Finals 
Gunman Kills Virginia Police Officer, Teenager in Shooting Spree 
Rematch Time: Spurs vs. Heat in NBA Finals 
Officials: 7 Aboard NJ-Bound Plane Die in Crash 
Australia Resettles More Than 500 Afghan Helpers 
Unions Strike Deals With More Vegas Casinos 
Exclusive: Shift by Hard-Line Taliban Factions May Have Sealed Prisoner Exchange 
Red Sox Post Quiet 7-1 Win Over Rays 
China Manufacturing Growth Grows for Third Month 
Judge: Kasem Can Go Home to Wife if Doctors OK It 
Factbox: Profile of Los Angeles Kings 
Factbox: National Hockey League Western Conference Champions 
LA Kings Beat Chicago Blackhawks to Reach Stanley Cup 
Hundreds Honor 3 Men Lost in Colorado Mudslide 
McCutchen Leads Pirates to 5-3 Win Over Dodgers 
Kings Beat Blackhawks 5-4 in OT in Game 7 
Leonard Qualifies for U.S. Open, Masters Champions Fall Short 
Japan Shine in Confident Win Over Costa Rica 
U.S. Troop Leader in South Korea Wants Deployment of New Missile Defense Against North 
Banned U.S. Sprinter Gay to Make Return in Lausanne 
Djokovic Wary of Raonic Threat in Paris 
BOJ's Kuroda-Taking Steps to Prevent Unwanted Gains in Long-Term Rates 
Security Tight on Eve of Tiananmen Anniversary 
Indian Minister Killed in Head-On Collision: TV 
Japan Scores Late to Pull Away From Costa Rica 3-1 
For Fallen Soldiers' Families, Bergdahl Release Stirs Resentment 
Singleton's HR Helps Astros Down Angels 7-2 
Moss Homers in 10th to Lift A's Over Yankees 
Evans Lifts D-Backs to 4-2 Win Over Rockies 
Brewers Lose to Twins, Game Delayed After Fan Fall 
Indonesia, Australia Leaders Hold Make-Up Talks 
Former Universal Staff Files Criminal Complaint Against Casino Tycoon Okada 
Schierholtz, Cub Beat Mets 2-1 in 9th Inning 
Underwater Sound Examined for Links to Missing Jet 
Bosnia Edges Mexico 1-0 in Warm-Up Match 
Cruz Homers in Return to Texas, Orioles Win 8-3 
Markakis' Homer, Single Help O's Top Rangers 6-5 
China Lodges Protest With U.S. Over Tiananmen Remarks 
China Pins Xinjiang Attacks on Terrorists Groups 
GM Recall Probe to Clear Top Brass, Sees No Concerted Coverup: WSJ 
China's Xi Repeats Call for Political Resolution for Syria 
Williams Puts LA Kings Past Rangers in OT Opener 
Richards' Gem Leads Angels Over Astros 4-0 
Brazil Homeless Group in Peaceful March on World Cup Arena 
Japan's SoftBank to Develop Human-Like Robots: Sources 
Gomez, Brewers Get Split With Twins, Win 8-5 
Poll Says Colombia Presidential Runoff a Dead Heat 
Rangers Avoid Sweep With 8-6 Win Over Orioles 
World Bank Sees China Growth on Track, Urges Reform 
North Korea Says Investigating U.S. Tourist for Illegal Acts: KCNA 
Heat-Spurs and Heat: Game 1 Air Conditioning Fails 
North Korea Detained a Third U.S. Citizen in Mid-May: Kyodo 
Altuve, Springer Help Astros Beat Angels 8-5 
Matt Crafton Wins Truck Race 
Choice HR Bails Out Darvish, Texas Tops Tribe 6-4 
Whitley Pitches Yankees to 4-2 Win Over Royals 
Hershey Sues Colorado Company Over Look-a-Like Marijuana Edibles 
Athletics Beat Orioles 4-3 in 11 Innings 
Wisconsin Billionaire Pleads Guilty to Sexual Assault Charge 
Fire Breaks Out in Building Near New York's Rockefeller Center 
Ireland and Costa Rica Draw 1-1 in Friendly 
Alves' Goal Gives Portugal 1-0 Win Over Mexico 
China's May Exports Gain Steam but Imports Fall Unexpectedly 
Vietnam, Philippines Join in Sports in Spratlys 
Cleveland Clinic CEO Says No to Seeking VA Post 
Bowe Bergdahl's Father Receives Death Threats: Police Chief 
Carpenter Holds On to Win IndyCar Race at Texas 
Tigers Send Red Sox to 5th Straight Loss, 8-6 
Factbox: Candidates in Colombia's Presidential Election 
Young Filmmakers Honored at Student Academy Awards 
California Chrome Sustains Gash to Foot 
2 Dead in Small Plane Crash Near Paso Robles 
Ortiz's Homer in 9th Lifts Red Sox Over Tigers 5-3 
Japan Raises Growth Estimate for Jan-Mar Quarter 
Police Raid in Southern China Sparks Clash 
'A Gentleman's Guide to Love and Murder' Wins Tony 
Heat Level Finals Series With Spurs 
Jessie Mueller Wins Best Actress in a Musical Tony 
China Says Vietnamese Vessels Rammed Its Ships More Than 1,000 Times 
Floyd Pitches Braves Past Rockies 3-1 
China Denies Bail to Prominent Activist Lawyer 
Chisenhall's 9 RBIs Lead Tribe Past Rangers 17-7 
Indonesian Presidential Rivals Clash in 1st Debate 
White Sox Stop Slide With 6-5 Win Over Tigers 
China to Boost Anti-Terror Cooperation With Central Asia 
Pirates Call Up Prized OF Prospect Gregory Polanco 
Tribe's Chisenhall Has 9 RBIs, 3 HRs Against Texas 
China May Inflation at Four-Month High, but Plenty of Room for More Stimulus if Needed 
'Uncharted,' 'LittleBigPlanet' Coming to PS4 
Marlins Beat Texas 8-5 for 13th Win in a Row vs AL 
IBM Close to Selling Chip-Making Unit to Globalfoundries-Bloomberg 
Workers Safe After Explosions, Fire Rock Montana Wood-Products Plant 
Hyundai's Hydrogen Fuel-Cell Car Makes U.S. Debut 
Royals Hold On to Beat Hot-Hitting Indians 9-5 
Workman Allows 1 Hit as Red Sox Beat Orioles 1-0 
Restaurant Chain P.F. Chang&#8217;s Investigating Possible Data Breach 
Societe Generale Sets Up Sukuk Programme in Malaysia 
Chen, Orioles Beat Slumping Red Sox 6-0 
Abreu, Danks and White Sox Top Verlander, Tigers 
UCWeb Buy May Raise Alibaba IPO Valuation: UCWeb CEO 
Twitter Considers Management Shake Up: Re/code 
Darvish, Texas Deny Miami Bid for Interleague Mark 
Special Report: Foreign Interns Pay the Price for Japan's Labor Shortage 
Keuchel, Carter Lead Astros Over Diamondbacks 5-1 
Labor-Short Japan Expanding Foreign Trainee Program 
Thai Military Leader Says No State Rice Scheme for Now 
Carter's Homer Gives Astros 5-4 Win Over Arizona 
A Long, Painful Night for LeBron and Heat 
Factbox: U.S. House Republicans Jockey for Leadership Posts 
South Korea's Park Replaces Finance Minister in Cabinet Reshuffle 
Thai Junta Leader: Interim Government to Be Set Up in August 
Lucroy's Homer in 13th Sends Brewers Over Mets 5-1 
BOJ Offers Brighter View on Global Growth, Keeps Policy Steady 
Marine Prosecutor Behind Office Raids Reassigned 
China's Top Taiwan Official to Make First Visit to Island 
Rays Down Astros 6-1 
Polanco Helps Pirates Beat Marlins 8-6 
Guthrie Snaps Winless Streak in Royals' 7-2 Win 
Del Worsham Leads Funny Car Qualifying 
Rand Paul Says Labrador Would Be 'a Great Leader' 
Voting Begins in Afghanistan's Presidential Election Run-Off 
Rangers and Kings Headed to Double Overtime in Game Five 
HRs by Gattis, Johnson Lift Braves Past Angels 4-3 
England Physio Injured During Goal Celebration 
India's Modi Visits Bhutan on First Step of Bid to Reassert Regional Sway 
Darrell Wallace Jr. Wins NASCAR Truck Race 
Funky and Funny: Craig Robinson Jams at Bonnaroo 
Hodgson Takes England Loss Hard Despite Youthful Promise 
Australia's Genia Out for Eight Weeks With Ankle Injury 
My Tactics Worked Says Prandelli After Italy Sink England 
Analyst's Cart Driver, Trooper Have Run-In at Open 
Drogba Inspires Ivory Coast as Japan Lose Their Way 
Virginia Beats Ole Miss 2-1 in CWS on Hit in 9th 
Prolific Philanthropist, Education Advocate Dies 
Victim of Seattle Campus Shooting Remembered 
Four Hurt in Knife Attack in Restive Western China 
LeBron's Big Start for Naught, and Heat Reign Ends 
Spurs' Leonard Wins NBA Finals MVP 
San Antonio's Kawhi Leonard Named MVP in NBA Finals 
Alabama Court Overturns Anti-Sodomy Law 
Buehler Relief Lifts Vandy Over Irvine 6-4 at CWS 
Value-Based Arabesque Latest Addition to London Islamic Finance Sector 
Filipino Militant Nabbed for US, Aussie Abductions 
Madonna Attends Preview of Tupac B'way Musical 
Senate's Wyden Presses Government Over Hedge Funds' Tax Strategy: Bloomberg 
China's Army Eases Curbs to Draw More Educated Recruits: Paper 
Cardinals Make It 7 of 8, Stifle Mets 6-2 
Newspaper Editor C. David Burgin Dies at 75 
Third Time Lucky for Dempsey and U.S. Against Ghana 
New Ridesharing Legislation Advances in California 
Frazier's Homer in 9th Lifts Reds Over Pirates 6-5 
Political Change, China News Spurs Spike in Q2 Asia Business Sentiment 
Beckham, Viciedo Power White Sox Past Giants 8-2 
Wacha Gets Key Outs, Cardinals Beat Mets 5-2 
'Accidental Blast' Kills 17 Chinese Soldiers Storing Ammunition 
Supreme Court Refuses to Stay Execution of Georgia Inmate 
Tornado Damages Homes and Businesses in South Dakota Town 
Judge Denies Challenge to Law on Police Lawsuits 
Sony Investors Back CEO, Directors Despite Losses 
Australia Coach Charlesworth Bows Out on Top 
Baltimore Officer Accused of Cutting Dog's Throat 
Shelly Sterling Seeks Protections for Witnesses 
Citigroup Names Slaughter as Head of Asia-Pacific Investment Bank 
Rendon Homers, Nationals Rally Past Astros 6-5 
Delaware Ditches Bill to Bar 'Loser Pays' Corporate Bylaws 
Hinojosa HR Holds Up in Texas' 1-0 Win Over Irvine 
Philippine Senator Charged With Plunder Surrenders 
Judge Lets DoJ Proceed With Fraud Case Against Bank of America 
Allen Leads Ole Miss in 6-4 CWS Win Over TCU 
Imported: Cavaliers Hire David Blatt as Head Coach 
N.Y. City to Pay $40 Million to End 'Central Park Jogger' Lawsuit: Source 
Alleged San Diego Vandal Accused of Tagging Court 
Weaker Winds Aid Firefighters Battling Navajo Reservation Blaze 
Twitter Splits Former COO's Duties Between Two Executives 
Howard, Buchanan Lead Phillies Past Cardinals 
Mariners Score 2 in 9th to Beat Royals 7-5 
Braves Reclaim 1st Place, Top Nationals 6-4 in 13 
Blatt Makes Switch From Euroleague to NBA With Cavs 
Phelps Enjoys Mixed Success at Santa Clara Meet 
China Urges Peaceful Development of Seas, Says Conflict Leads to 'Disaster' 
13 Killed in Attack on Police Station in China's Xinjiang 
Three U.S. Troops Killed by Afghanistan Explosion 
Ecuador Play Out a Tale of Two Valencias 
13 Shot Dead After Attacking Police in West China 
South Korea Launches Manhunt for Soldier Who Killed Five Comrades 
Grant Enfinger Wins ARCA Race at Elko Speedway 
Cabrera's Double in 10th Gives Tigers 5-4 Win 
Mud Flung as Indonesia Presidential Race Heats Up 
Police Shoot and Kill Bear Inside Alaska Home 
Nadjib Mohammedi Stops Anatoliy Dudchenko in 7th 
Suspect in 3 Holiday Killings Has Previous Arrest 
Fister Outduels Teheran, Nationals Top Braves 3-0 
Mourners Hear Kasem's Voice at Private Memorial 
Argentina's YPF Says Its Assets Can't Be Embargoed by Country's Creditors 
Oregon School Shooting Victim Honored at Service 
Quality Saves Portugal After U.S. Ride Fitness Factor 
China Factory Gauge Signals Economy Stabilizing 
Small Fire Breaks Out in Disneyland Backstage Area 
Louisiana's Poverty Point Earthworks Named a UNESCO World Heritage Site 
China June HSBC Flash PMI Shows First Expansion in Six Months as Orders Surge 
2 Universities in DC Make Deal to Buy Solar Power 
Bangladesh Ups Security for War Crimes Verdict 
Inspection Tensions Add to Bangladesh Garment Industry's Woes 
Reds Score 5 in Ninth, Beat Cubs 6-1 
Lynn, Adams Lead Cards to 8-0 Win Over Rockies 
Opponents of Thai Military Regime Launch Campaign for Democracy 
Gonzalez, LaRoche Help Nats Shut Down Brewers 3-0 
Nadal Determined to Make His Mark in Wimbledon First Round 
California Lawmakers Pass Bill to Update Currency Law, Aid Bitcoin Users 
Royals Beat Dodgers 5-3 to End 4-Game Skid 
Door Wide Open for O'Connor, Says Australia Coach McKenzie 
FIFA Charges Luis Suarez for Biting in World Cup 
Abuse Claims: Seattle Archdiocese to Pay $12M 
Kinsler HR in Return, Tigers Beat Rangers 8-2 
India Partially Rolls Back Steep Railway Fare Hike 
Upton Brothers Both Hit HRs, Braves Beat Astros 
Kershaw Pitches Dodgers to 2-0 Win Over Royals 
MLB Adjusts Plate-Blocking Rule on Force Plays 
US Sen. Cochran Defeats Challenger in Miss. Runoff 
Martinez-Led Tigers Win 6th in Row, 8-6 at Texas 
Carter, Read to Start on Bench for Crusaders 
It's a Wrap for Alaska Troopers Reality Show 
Bases-Loaded HBP in 8th Helps Dodgers Beat KC 5-4 
China Jails Nine More in Xinjiang for Terror Offences 
It's Asian Bonds, Not Equities, That Are Too Rich 
'Medical Issues' Hospitalize Boston Concertgoers 
Nadal Meets Rosol in Revenge Match 
Rockets Send Asik to Pels, Prepare for LeBron Run 
Oregon Pot Advocates to Submit Signatures for November Vote 
Shia LaBeouf Arrested at New York Performance of 'Cabaret': Police 
What Happens Next in Federal Death Penalty Case? 
Porcello Throws 3-Hitter, Tigers Blank Rangers 6-0 
At Least Three Killed After Explosion at GAIL India Fuel Pipeline: Media 
Nepal's Prime Minister Suffering From Lung Cancer 
Selections in First Round of NBA Draft 
Murray Is One of Four Champions on Centre Court 
Shia LaBeouf,' Not Famous' but Still in Headlines 
Nadal Eyes Easier Passage to Wimbledon Fourth Round 
Scientists Unable to Recreate Chemical Reaction Suspected in New Mexico Radiation Leak 
NASA to Test Mars 'Flying Saucer' Vehicle on Earth 
Brittany Force Leads Top Fuel Qualifying 
Infante's Slam Sends Royals to 8-6 Win Over Angels 
Harrison Lifts Pirates Over Mets 3-2 in 11 Innings 
Rangers End 8-Game Skid With 5-4 Win Over Twins 
Panama Court Frees Captain of Seized N Korea Ship 
Mexico Arrests Vigilante Leader in State Torn by Violence 
Phils Announcer Catches HR Ball During Broadcast 
JJ Lin, Penny Tai Claim Top Golden Melody Honors 
Keselowski Wins for 2nd Time at Kentucky Speedway 
California Governor Signs Bill to Bring Bitcoin and Other Currency Into Fold 
Indonesia's Presidential Front-Runner Battles the Puppet Image 
Napoli HR Off Tanaka in 9th, Red Sox Edge Yankees 
Crew Soccer Fan in Hospital After Lightning Strike 
Official Says Obama to Seek $2B for Border Control 
Netherlands Face Mexico in 2nd Round of World Cup 
Karagounis Bows Out as Greece Heads Home 
Ortiz Hits No. 450, Red Sox Beat Yankees 8-5 
1 Killed in Mosque Attack in Thailand's South 
Australia, NZ Target Day-Night Test in 2015 
Ohio Man Dies While Hiking Out of Grand Canyon 
China Sentences 113 on Terror Crimes in Xinjiang 
Shell Restarting Unit at Scotford, Alberta Facility 
Japan Says North Korea Missile Launch Violates U.N. Resolution 
Cuba Sells 50 Cars (Yes, 50) in First Six Months of Year 
Kerry: Time Running Short for Iran Nuke Agreement 
Tropical Depression Forms Off Florida Coast 
Royals Beat Twins 6-1 in Series Opener 
Mariners Hit 4 HRs in 10-4 Win Over Astros 
Indonesia's Ex- Top Judge Gets Life for Corruption 
Colorado Attorney General Asks County to Stop Same-Sex Marriage Licenses 
'Glee'-Type Music Contest Crowns Winners in NYC 
Davis Has Game-Winning Grand Slam for Tigers 
Hurricanes Hookers Causing Hammett Heartache 
Bank of England Builds New Unit to Crunch Economic Data-Bloomberg 
Twins Lose Mauer to Injury but Beat Royals 10-2 
Ex-Rapper Pleads Guilty in New York Tax Fraud Case 
Suicide Bomber Kills Four Afghan Air Force Officers in Kabul: Police 
UK Data Regulator Probes Facebook Over Psychological Experiment: FT 
Labor Talks for U.S. West Coast Ports to Continue Despite End of Deal 
Video of Japan Politician Weeping Goes Viral 
Cubs Complete Sweep Over Red Sox, 16-9 
China's Xi Visits South Korea as Ties Strengthen, Wary Eye on the North 
Lowry Agrees to Re-Sign With Raptors 
China, South Korea Agree to Boost Economic Ties 
California Tightens Some Water Restrictions as Drought Continues 
Garcia Single Lifts White Sox Over Angels 3-2 
Obama: More Reforms Needed to Wring Risk From Banks-Report 
New Jersey Governor Chris Christie Vetoes Gun Legislation 
Chinese Patrol Ships Arrest 6 Vietnamese Fishermen 
Dust Storm Hits Phoenix, Flights Grounded 
Hurricane Arthur Makes Landfall on North Carolina Coast: NHC 
A's Win 4-1 After Blue Jays Use Odd Replay for Run 
Greinke Goes 8 Strong, Dodgers Top Rockies 3-2 
Sabathia Suffers Setback in Injury Return 
Beltran Hits 3-Run HR, Sparks Yanks to Win 
Retired U.S. Navy Commander Pleads Guilty in Bribery Scandal 
Military Grounds All F-35 Jets During Fire Probe 
AP Source: Cavaliers Meet With Agent for James 
Niese Hurt, but d'Arnaud Lifts Mets Over Rangers 
Brazil Shocked, Angered by Neymar's World Cup Injury 
Kershaw Shuts Down Rockies in 9-0 Win 
AP Sources: A's Get Samardzija, Hammel From Cubs 
Doug Kalitta Leads Top Fuel Qualifying 
Kasey Kahne Nips Smith at Daytona Finish Line 
Freeman, Santana Help Braves Win 8th Straight 
Rays Use Bats, Bullpen to Beat Tigers 6-3 
Cardinals Hold Off Marlins 3-2 
Mexico: Man Confesses to Killing 5 Females 
Chinese State Media: 17 Miners Trapped Underground 
Report: Ordinary Americans Caught Up in Data Sweep 
Mexico Police Detain Alleged Serial Child Killer 
Langdon Sets Track Record in Top Fuel Qualifying 
Belt's Homer in 10th Lifts Giants Over Padres 5-3 
Rangers Power Past Mets 5-3 to Stop Slide 
Behind Prabowo's Campaign to Become Indonesia's President, a Questionable Crew 
Ordinary People Outnumber Targeted Foreigners in NSA Data: Washington Post 
House Records 1st Major-League Win for Indians 
China Holds Ceremony to Mark China-Japan War 
'Transformers' Producers Face New Dispute From Chinese Location Rep 
Price, Rays Escape Cellar With 7-3 Win Over Tigers 
Super Typhoon Takes Aim at Japan 
French Forward Diaw to Stay in San Antonio 
China Signs Deal to Purchase 100 Airbus Helicopters 
Algeria Coach Departs Despite Pleas to Stay 
Mazda Recalls Over 42,000 Cars in China Due to Takata Air Bag Issue 
Sleeping Yankees Fan Sues TV Announcers 
North Korea's Kim Takes Center Stage With a Limp 
Australia, Japan Sign Free Trade, Defense Deals 
Utley, Hamels Lead Phillies Over Brewers 3-2 
Cupcake Shop Crumbs Shuttering All Its Stores 
Tejada Lifts Mets Over Braves 4-3 in 11 Innings 
Route of Proposed Nicaraguan Canal Unveiled 
Kerry: Afghan Power Grab Would Mean US Aid Cutoff 
