Here’s Proof That Hugh Jackman Is The Greatest Man To Walk This Earth,[]
This Is The Only Kim And Kanye Wedding Photo That You Need To See,[]
14 Things You Likely Didn’t Know About Your Favorite Childhood Shows,[14]
Plus-Size Models Awesomely Re-Create Sports Illustrated’s Swimsuit Cover,[]
13 Questions To Which The Answer Is Actually “False”,[13]
31 Tasteful Noods,[31]
40 Of The Most Satisfying Sounds In The World,[40]
10 Best Celeb Selfies From Radio 1’s Big Weekend In Glasgow,[10]
32 Pictures That Will Change The Way You See The World,[32]
The Croatian World Cup Team Celebrated Losing To Brazil By Swimming Naked Together,[]
28 Easy And Healthy Breakfasts You Can Eat On The Go,[28]
What Kind Of Bride Will You Be?,[]
How Would You Rewrite The Ending Of Your Favorite TV Show?,[]
"What Your Favorite ""Star Wars"" Character Says About You",[]
The 13 Creepiest Babies In The History Of Art,[13]
15 Things You Didn't Know Your iPhone Could Do,[15]
10 Summer Jams With A Florida REMIX!,[10]
Cameroon Just Set The Bar For World Cup Meltdowns,[]
Lorde Says Jennifer Lawrence’s Email Address Contains The Word “Butt”,[]
How A British Blogger Became An Unlikely Star Of The Ukraine Conflict — And Russia Today,[]
Proof That Messi Is The Most Perfect Human Being On Earth,[]
Here Is Definitive Proof That This Season Of “Game Of Thrones” Was Basically Just “The Princess Bride”,[]
Behind The Most Toxic Relationship In “Orange Is The New Black” Season 2,[2]
10 Signs The Future Is Already Here,[10]
Jimmy Kimmel Got People To Stand Next To Their Father And Admit To A Lie They Had Told,[]
How Many Life Skills Do You Have?,[]
17 Things You Might Not Know About Ice Cream,[17]
What Your Fandom Really Says About You,[]
11 Tips About Job Interviews That Are Actually Wrong,[11]
Which Cute Thing Are You?,[]
11 Ways Queen Has Changed Since They Last Played Madison Square Garden,[11]
"This Sexist ""Peanuts"" Comic From 1958 Is Going To Ruin Your Childhood",[1958]
Joe Lieberman Slams Obama Foreign Policy: “There Is No Leadership”,[]
"For Everyone Whose Sexual Awakening Was Caused By David Bowie In ""Labyrinth""",[]
So What Is That Stuff The Referees Keep Spraying On The Field In The World Cup?,[]
12 Fights That Probably Won't End In Our Lifetime,[12]
11 Push Notifications You Wish Your Phone Could Give You,[11]
20 Wonderful Films Set In NYC That You Should Definitely See,[20]
The 20 Most Insane Crimes Involving Bananas,[20]
15 Tips For The Perfect Destination Wedding,[15]
29 People Who Are Worse At Thinking Things Through Than You,[29]
64 Thoughts Every Cat Has When Brought Home For The First Time,[64]
23 Reasons You Should Drop Everything And Move To Australia,[23]
"'Red Tape Won't Cover Up Rape': The Silent Protests That Are Sweeping College...
on thinkprogress.org ›",[]
An Illustrated Guide To Slowed-Down “Drunk In Love”,[]
Three Ways To Become Immediately Classy,[]
Which Australian City Should You Travel To?,[]
20 Puppies Cuddling With Their Stuffed Animals During Nap Time,[20]
Andrew Garfield And Emma Stone Send Another Message To The Paparazzi,[]
15 Horrifying Things That Happen When You Get A Retainer,[15]
19 Struggles You’ll Only Understand If Your Parents Taught At Your School,[19]
13 Life Hacks That Will Impress Your Dad,[13]
Big Boi’s Shirts Are The Most Underrated Member Of Outkast,[]
How Moist Are You Actually?,[]
27 Things You Know When You’re The Only Vegan In The Village,[27]
What Type Of Video Game Is Your Life?,[]
28 Things Only Stay At Home Moms Will Understand,[28]
17 Splendid Places For Outdoor Swimming In London,[17]
Proof That Billy Joel Is More Punk Than You’ll Ever Be,[]
25 Reasons Madrid Is The Best Place To Study Abroad,[25]
"32 Jokes Only ""Orange Is The New Black"" Fans Will Understand",[32]
What 13 States Aren’t Telling You About How They Execute Prisoners,[13]
An Oregon Couple Rushed Through Their Wedding Because Of A Wildfire And The Photos Are Breathtaking,[]
22 Exciting Ways To Cook With Chia Seeds,[22]
22 Kids Who Are Way Better At Life Than You,[22]
23 People You Know Are Definitely Dead Now,[23]
Delta Airlines Apologizes For Tweet Depicting Ghana With A Giraffe,[]
A Guide To Nailing Your Friend's Wedding,[]
17 Easy Steps To Nailing Your Friend's Wedding,[17]
28 Incredibly Touching Photos Of Fathers Seeing Their Babies For The First Time,[28]
"This Is What The Twins Who Played The Baby In ""Three Men And A Baby"" Look Like Now",[]
Terrifying Killer Clown Prank Returns And Remains The Worst Thing Ever,[]
The Bodies Of 800 Babies Were Found In The Septic Tank Of A Former Home For Unwed Mothers In Ireland,[800]
38 Reasons Why H.E.B. Is The Best Dang Grocery Store In The World,[38]
10 Reasons Why Blondes Are The Best As Told By Puppies,[10]
The Easiest Way To Understand Fútbol If You Love Football,[]
"British Healthcare Is Rated The Best In The World, America’s Is The Worst",[]
"Hackers Threaten To Release Domino’s Pizza Customer Data, Including Favorite Toppings",[]
27 Grindr Users Who Failed So Hard They Almost Won,[27]
“Fargo” Reinforced Patriarchy From The Beginning,[]
How To Make Tofu And Soba Noodle Salad With Spicy Peanut Sauce,[]
26 Signs That Won At Signs,[26]
12 Things Every Phoenix Resident Understands,[12]
Levi Casboult Is (Definitely) The Most Perfect Man In All Of Australia,[]
13 Unexpectedly Intimate Soccer Moments,[13]
What Kind Of Person Are You Actually?,[]
74 Thoughts All First Time Home Buyers Have,[74]
"Missouri Town Discovers People Don't Like Vacationing Around Angry People Openly Carrying...
on thinkprogress.org ›",[]
16 Secrets For Shopping At Target That Will Blow Your Mind,[16]
16 People Who Found Adventure In Unexpected Places,[16]
24 Questions Disney Left Unanswered,[24]
19 Reasons Not To Go To The Beach This Summer,[19]
18 Words That Had A Totally Different Meaning In The ’00s,[18]
23 Things Only People Who Made It Out Of Their Hometown Will Understand,[23]
15 Cats Who Think Their Poo Don't Stink,[15]
28 Unbelievably Dumb Questions That Still Need To Be Resolved,[28]
19 Things Only People Who Grew Up With MSN Messenger Will Understand,[19]
"17 Reasons Why You're Obsessed With ""Teen Wolf""",[17]
These Dogs Patiently Wait For Their Names To Be Called Out Before Exiting The Car,[]
Watch This High School Principal Get Completely Ratchet On The Last Day Of School,[]
What Song Should You Actually Sing At Karaoke?,[]
The 42 Most Pure Dead Brilliantly Scottish Moments Ever,[42]
"How To World Cup, As Told By Baby Elephants",[]
15 Signs You're Too Quirky For Your Own Good,[15]
12 People Who Will Ruin Your Vacation Every Time,[12]
"The Secret Sex Life Of ""Super Mario World""",[]
21 Terrible Yelp Reviews Of The Fanciest Restaurants In America,[21]
22 Brits Who Shouldn’t Be Allowed To Leave The Country,[22]
Making A Rap Song Everyone Will Like Is Actually Really Hard,[]
24 Of The Most Exhausted Parents Ever,[24]
21 Groan-Worthy Jokes To Tell Your Dad On Father’s Day,[21]
14 Reasons Why Your Cat Is The Boss In The Relationship,[14]
Goalkeeper Guillermo Ochoa Just Saved Mexico Lots Of Tears,[]
This Couple Just Had The Ultimate Geek Wedding,[]
25 Times Subtitles Failed So Magnificently They Almost Won,[25]
10 Unspoken Rules For Watching Soccer In Public,[10]
Imaginary Food Diaries Of Famous Authors,[]
These Maps Show A Massive Gender Gap in Bicycle-Riding,[]
"What Is “Creepypasta,” Who Is Slender Man, And What Caused The Vicious Stabbing Of A 12-Year-Old Girl?",[]
72 Incredible Elephant Facts That Will Make You Want To Save Them,[72]
24 Things You Didn’t Know About Shake Shack,[24]
The Worst Day Of My Life Is Now New York’s Hottest Tourist Attraction,[]
21 Kids Who Are Too Literal For Their Own Good,[21]
9 Beautiful Blondes We Want To Hang Out With,[9]
13 Small Town Things That Had Better Be Cute,[13]
22 Questions People Actually Asked The Intenet,[22]
"Here’s One Thing You Probably Didn’t Notice In Season 4 Of ""Game Of Thrones""",[4]
37 Things Only British People Will Find Amusing,[37]
21 Things Only People From Small Towns Will Understand,[21]
11 Ways To More Accurately Describe Yoga Poses,[11]
NASA Is Growing Space Vegetables On The International Space Station,[]
39 Hilarious And Spot-On Suggestions From #MuslimBuzzFeed,[39]
15 Things That Happen When Your Parents Sell Your Childhood Home,[15]
29 Babies Who Are Totally Throwing Shade,[29]
32 Problems All Tall Girls Will Understand,[32]
100 Things Straight Guys Love,[100]
Find Out How Dogs React To Human Barking,[]
35 Thoughts Everyone Has When They Get A Flat Tire,[35]
You Need This Extremely Fashionable Dog In Your Life,[]
Do You Really Know The LGBT Pride Flags And Symbols?,[]
13 Reasons You Should Have Sandwiches For Every Meal (Because Why Not?),[13]
Can You Pass A Middle School Spelling Test?,[]
10 Tech Trends That Will Change The Way We Live,[10]
12 Surreal Moments That Made Us Pinch Ourselves,[12]
These Marching Geese Will Walk Right Into Your Heart,[]
This Guy Filmed His Dad’s Reaction Every Time He Got A New Tattoo,[]
What Should Your Name Actually Be?,[]
Australian Model Draws Criticism For Blackface Photo On Instagram,[]
18 People Whose Obsession With Mustard Has Gone Too Far,[18]
10 Hilarious Reviews Of Campsites You Should Never Visit,[10]
19 Things You Never Knew About Pizza Hut,[19]
27 Reasons Why Old People Are The Best People On The Internet,[27]
"13 Things Never To Say To A ""True Blood"" Fan",[13]
12 Career Milestones That Prove You’re On The Right Track,[12]
35 Things Only People Who Work Weird Hours Will Understand,[35]
16 Fascinating Things You Didn’t Know About Maleficent,[16]
12 Bikes That Are Too Hipster For Their Own Good,[12]
37 Reasons Why Great Britain Really Is Great,[37]
"How Much Of An ""O.C."" Fan Were You Actually?",[]
Watch This Fearless Cat Save A Boy From A Vicious Dog Attack,[]
Brazil Is Now Working On Their Flops In Practice,[]
What Dog And Cat Names Actually Mean,[]
"25 Pickup Lines So Nerdy, They Just Might Work",[25]
36 Actors Hanging Out With Their Body Doubles,[36]
A Cop At D.C. Pride Kissed His Boyfriend To Piss Off The Westboro Baptist Church,[]
23 Soul-Crushing Problems Only Left-Handed People Understand,[23]
12 Ways Soccer Fans Steal The Show,[12]
Watch This Dad Take His Baby Daughter On The Best First Date Ever,[]
"An Author Caused An Uproar After She Tweeted Photos Of A Rabbit She Killed, Skinned, And Ate",[]
The Hardest Disney Quiz You’ll Ever Take,[]
22 Things That Seemed Like Good Ideas At The Time,[22]
15 Times The Beach Didn’t Take Anyone’s Shit,[15]
"Watch This Super-Hip Father And Daughter Lip-Synch Iggy Azalea’s ""Fancy""",[]
33 Babies Going H.A.M. On Their Very First Birthday Cake,[33]
"How To Make Crispy Chicken Thighs With Caramelized Corn, Cherries, And Spinach",[]
13 Reasons To Never Have A Cat Roommate,[13]
33 Of The Most Creative “Selfies” Ever Drawn By Strangers,[33]
50 Pictures That Perfectly Sum Up Your Childhood,[50]
16 People Who Didn't Quite Rise To The Challenge,[16]
19 Things Dads Do That You Won’t See In Popular Culture,[19]
16 Reasons Pigs Make The Best Pets,[16]
43 Times Daniel Henney Ruined You For Other Men,[43]
11 Honest Thoughts Every Mom Has,[11]
24 Things No One Tells You About Leaving Texas,[24]
14 Ways Ferris Bueller Would Spend His Day Off In 2014,"[14, 2014]"
Taylor Swift Has Been Writing Incredible Comments On Her Fan’s Instagram Pictures,[]
10 Bad Party Habits That Deserve A Yellow Card,[10]
25 People With Better Names Than You,[25]
Would You Pass School Biology Right Now?,[]
"This Teenager Just Gained 30,000 Followers On Twitter After Dumping His Cheating Girlfriend Using Memes",[]
31 Insanely Cool And Adorable Matching Tattoos For Twins,[31]
The 14 Worst People You Meet In Your Thirties,[14]
How Well Do You Speak Australian?,[]
Facebook’s Second Attempt At A Disappearing Photo-Sharing App Rolls Out,[]
11 Essential Items Every Woman Should Have When She Turns 30,"[11, 30]"
26 People Who Are Too Stupid For Their Own Good,[26]
32 Times Tumblr Was Too Clever For Its Own Good,[32]
64 Thoughts All Cats Have When Brought Home For The First Time,[64]
25 Words That Have A Totally Different Meaning When You're A Server,[25]
13 Important Tips For Twentysomethings In Their First Jobs,[13]
"T.I. Holds A Question And Answer Session On Twitter, Gets Hilariously Trolled",[]
The Wiggles’ Song About State Of Origin Is All You Need Today,[]
A UNICEF Goodwill Ambassador Posted A Really Offensive Photo About Colombians On Twitter,[]
17 Confessions That Perfectly Sum Up Your Student Debt Struggles,[17]
12 Reasons Some Men Prefer To Stay Single,[12]
22 Totally Quirky Toilet Paper Holders,[22]
19 Supermarket Mind Games That Get You To Buy More Junk Food,[19]
How Bougie Are You?,[]
"OMG, This Is What The Little Girl From “My Wife And Kids” Looks Like Today!",[]
10 Tips To Get The Most Out Of Your Hong Kong Business Trip,[10]
27 Times Starbucks Failed So Hard It Almost Won,[27]
Is Israel Using The Kidnapping Of Three Teens To Dismantle Hamas In The West Bank?,[]
Watch Chris Christie Show Off His Moves With Jimmy Fallon In The Evolution Of Dad Dancing,[]
The Dangers Of Posting Your Photo Online,[]
Yanis Marshall Slays This Beyoncé Routine So Severely He Gives You Life,[]
This Dad’s Pictures With His 3-Year-Old Show Just How Hilarious It Is To Be A Father,[]
Terry Richardson: “I’m Okay With Myself About Everything”,[]
What Type Of Donut Are You?,[]
21 Easy Ways To Make A Bachelorette Party Memorable,[21]
This Mass Exodus Of Hundreds Of Ducks Is Absolutely Insane,[]
One Direction Members Smoke Weed In New Leaked Video,[]
15 Cats Who Probably Live Better Than You,[15]
20 Good Reasons To Work Abroad In Australia,[20]
"Dear Bees, We Love You",[]
36 Reasons Dad Humor Is The Best,[36]
Don’t Expect To See Nasim Pedrad On “SNL” Next Season,[]
Tim Cook Applauds White House’s Decision On Federal Contractor LGBT Executive Order,[]
21 Mistakes You Made In The 2000s That You Don't Regret,[21]
18 Tweets That Prove Bill Clinton Could’ve Had The Hottest Mixtape In 1996,"[18, 1996]"
11 Video Game Problems Imagined In Real Life,[11]
One Very Simple Way To Give Yourself A Summer Of Great Reading,[]
This Woman Dramatically Modified Her Body Shape In Order To Look Like Jessica Rabbit,[]
This Is What Happens When The Public Sees A Woman Abusing A Man,[]
The Definitive Guide To Taking A Catsie,[]
11 Ways To Not Be A Jerk On Your Phone,[11]
20 Of The Absolute Worst Things That Happen When You Go Out,[20]
37 Books Every Creative Person Should Be Reading,[37]
“Orange Is The New Black” Season 2 Might Have Ended Differently Than You Thought,[2]
San Antonio Is Going As Crazy As You’d Expect For A City That Just Won Its Fifth NBA Championship,[]
Anti-Tax Crusader Grover Norquist Endorses Renaming Redskins After Ronald Reagan,[]
24 Delicious Filipino Foods You Need In Your Life,[24]
"19 Ways Your Marketing Department Is Like ""The Real Housewives""",[19]
18 Dogs Just Smiling Up A Storm,[18]
21 Things All White Dudes Do,[21]
7 Quick Dinners To Make This Week,[7]
Here’s A Hilarious Look At What Actually Happens Inside All Indian Airplanes,[]
Costa Rica’s President Really Enjoyed Their Game Against Uruguay,[]
54 Reasons The German World Cup Team Might Actually Be The Hottest World Cup Team,[54]
Here Are The Most WTF Moments Of The World Cup’s Opening Ceremony,[]
17 Moving Pride Weekend Confessions,[17]
38 Questions All Women Have,[38]
"""Banned"" Grey Poupon Ad Will Make You Uncomfortable Around Condiments",[]
16 Mail Online Comments As Inspirational Posters,[16]
You Need To See This Impressive Dog Perform All Kinds Of Insane Balancing Tricks,[]
11 Affordable Kitchen Utensils That Will Change Your Life,[11]
"Bears Like Gay Oral Sex, According To Important New Scientific Study",[]
26 Jokes You Should Send To Your Dad On Father's Day,[26]
What Everyday Foods Do You Find Utterly Revolting?,[]
28 Problems You Have Now But Didn’t Have Ten Years Ago,[28]
A Runaway Bouncy Castle Blew 50 Feet Into The Air With Three Children Inside,[50]
British Slang As Guessed By An American,[]
15 Songs That Were Guaranteed To Start A Fight In The Club,[15]
17 Of The Absolute Worst Ways To Break Up With Someone,[17]
Britain To Reopen Embassy In Iran Amid Iraq Crisis,[]
"Things British People Can Say Every Time A Goal Is Scored, Inspired By Alan Partidge",[]
23 Words That Have A Totally Different Meaning When You’re Drunk,[23]
Here’s A Photo Of Verne Troyer Being Searched By The TSA,[]
16 Unwritten Rules Of The Early 2000s,[16]
How To Tell If You're A Badass,[]
Taylor Swift’s New Best Friend Looks Exactly Like Her,[]
The Creepy New Paddington Bear Has Inspired A Meme Of Him Starring In Classic Horror Movies,[]
25 Stunning Images Of Women Breastfeeding,[25]
Meet The World’s Biggest Hypocrites About Marriage,[]
It’s Time To Recognize That “Selena” Is The Most Important Biopic Of All Time,[]
10 Tech Trends That Change Everything,[10]
24 Signs You’re Secretly An Old Person,[24]
18 People Who Have Really Nailed This Tinder Conversation Thing,[18]
Why Cristiano Ronaldo Needs To Cut The Shit And Take His Shirt Off Already,[]
50 Of The Most Important Dog GIFs Of All Time,[50]
A Guy Turned His Bedroom Into A 1980s Arcade And Lost His Fiancée In The Process,[]
29 Struggles People Who Grew Up In The Texas Heat Can All Relate To,[29]
39 Smiling Corgis Who’ll Inspire You To Live Your Best Life,[39]
29 Celebrities Who Will Actually Make You Feel Good About Your Body,[29]
What Your Favorite Dog Says About Your Love Life,[]
The Solange Knowles–Jay Z Elevator Fight Video Just Broke Twitter,[]
20 Reasons You Should Work Abroad In Australia,[20]
The 24 Easiest Ways To Get Banned From Club Penguin,[24]
The Great Crayola 64 Quiz Of Impossibility,[64]
23 Fauxhawks We’ve Loved And Sometimes Lost,[23]
J.K. Rowling Just Tweeted At A Bunch Of Her Fans And It Was Awesome,[]
Defintive Proof That One Direction Fans Are The Thirstiest Fans Around,[]
This Is What Disney Characters Would Look Like In The Modern World,[]
8 Signs Lizzie McGuire Was Your Role Model,[8]
24 Cars That Forgot How To Car,[24]
Samuel L. Jackson Still Knows His Lines From “Pulp Fiction” And It’s Intense,[]
"Facebook Went Down, And Everyone Freaked Out",[]
"Robert Pattinson Is Putting ""Twilight"" Behind Him",[]
Heartwarming Photos Of A Mass Indian Wedding Where 92 Disabled Couples Got Hitched,[92]
"22 Reasons Mabel Pines From ""Gravity Falls"" Is Absolutely Adorable",[22]
27 Things You’ll Only See At Costco,[27]
27 Things That Are So Weird When You Actually Think About Them,[27]
14 Thoughts Everyone Has Had At Their First Job,[14]
Roman Polanski’s New Movie Explores The Real Meaning Of “Strong Female Character”,[]
This Goal Is The Best Goal Of The World Cup So Far,[]
“Animals Dancing To Salt-N-Pepa’s ‘Push It’” Is The Cutest Tribute To 1986 You’ll See Today,[1986]
18 Things Young People Want Marijuana Lawmakers To Know,[18]
Obama Deploying 275 Troops To Iraq,[275]
This Billboard In Pittsburgh Is Completely Controlled By Internet Strangers,[]
18 Emojis That Should Be Added The To Emojipedia In The July Update,[18]
13 Reasons Nothing Is Better Than Playing In The Mud,[13]
You’ve Never Seen Lego Used This Way,[]
10 Pieces Of Dating Advice That Are Also Fishing Superstitions,[10]
Girls In Play: Sexual Exploitation And The World Cup (Prologue),[]
11 Ways To Cool Off Without A Pool,[11]
16 Animated Movies You Totally Forgot Existed,[16]
England Goalkeeper Joe Hart Really Wanted His Ball Back During The Game Against Italy,[]
13 Signs You're Ready To Say Goodbye To Your Used Car,[13]
The One Thing In “Mary Poppins” You Probably Didn’t Notice As A Kid,[]
23 Reasons You Should Take A Year Off And Head To Australia,[23]
60 Years Of Shocking Redskins Headlines,[60]
15 Amazingly ’80s Photos Of Brad Pitt,[15]
13 Manly Life Hacks That Will Impress Your Friends,[13]
Spain Eliminated From World Cup After 2-0 Loss To Chile,[]
12 Ways To Get The Most Out Of Your Wedding Wear,[12]
South Park Superfan Animates Opening Song From “The Book Of Mormon”,[]
Peter Dinklage’s Yearbook Photo Is Everything,[]
10 Ways To Turn Your Hong Kong Business Trip Into A Vacation,[10]
Two 12-Year-Old Girls Stabbed Their Friend 19 Times To Prove Devotion To Internet Meme “Slender Man”,[19]
What Period In History Do You Actually Belong In?,[]
17 Honest City Slogans That Should Actually Exist,[17]
"Massive Twin Tornadoes Rip Through Nebraska, Leaving Towns In Ruins",[]
"This Woman’s Butt Selfie Was Banned From Instagram, So She Fought Back",[]
31 Signs You’re Living With A Stoner,[31]
28 Struggles Only Hijabis Will Understand,[28]
25 Signs You’re Not Really A Baby Person,[25]
17 Invaluable Bathroom Hacks Everyone Should Know,[17]
U.S. Forces Move Into Iraq As Dozens Are Killed In Insurgent Attacks,[]
25 Things People Who Doodle Know To Be True,[25]
12 Moves To Help You Train For A Mud Run,[12]
"21 Facts You Didn’t Know About ""Pitch Perfect""",[21]
First Official Photos Of The Kimye Wedding,[]
This Teeny Tiny Koala Is The Most Adorable Thing Ever,[]
French Footballer Karim Benzema Looks Exactly Like Shia LaBeouf,[]
A Definitive Ranking Of The 23 Best Celebrity Eyebrows,[23]
18 Useful Tips Every Craigslist User Should Know,[18]
Scott Disick’s Failed “Lifestyles Of The Rich And Famous” Audition Tape,[]
"Lance Armstrong Got The Most Awkward Card Of All Time While Playing ""Cards Against Humanity""",[]
21 Chinese Signs That Actually Speak The Truth,[21]
17 Classic Games For Father’s Day Car Journeys,[17]
33 Tattoo Transformations That Prove Change Is A Good Thing,[33]
21 Hashtags People With Big Boobs Actually Need,[21]
"42 Of The Best, Worst And Weirdest Messages Ever Sent On Tinder",[42]
21 People Who Immediately Learned Their Lesson,[21]
10 Apps Every Baseball Fan Needs,[10]
26 Fantasy Sports Problems That All Leagues Can Relate To,[26]
Which Donut Are You?,[]
The 24 Wonderful Stages Of Being In A Teenage Band,[24]
These Kittens Jamming Out To “Turn Down For What” Will Make Your Day,[]
Top Ukrainian Diplomat Calls Putin A “Dickhead”,[]
12 Hacks To Make Your Home More Flexible,[12]
Coldplay Just Marched A Parade Through The Streets Of Sydney,[]
Marion Barry Apparently Has A Sense Of Humor About “Bitch Set Me Up”,[]
17 Reasons We Wish Werewolves Were Real,[17]
Brazil And Mexico Draw 0-0 In A Match Dominated By World-Class Goalkeeping,[]
26 Beautiful Ways To Use Chalkboard Paint,[26]
Jude Law’s Son Rafferty Walks The Runway Of The DKNY MEN London Collections Show,[]
18 Stages Of Not Being Able To Grow A Beard,[18]
Tell Us About Yourself(ie): Ethan Suplee,[]
29 Times Tumblr Raised Serious Questions About “Harry Potter”,[29]
What’s Your Favorite Recipe To Brag About?,[]
33 Things Every Conference Attendee Knows To Be True,[33]
U.S. Captures Benghazi Attack Suspect In Secret Raid,[]
14 Things Every Gearhead Understands,[14]
18 Signs You're Really Into Soccer,[18]
What Do The Contents In Your Fridge Say About You?,[]
10 Signs You Have An Introverted Cat,[10]
12 Away Messages You Had And What They Actually Said About You,[12]
Asymmetric Man-Thongs Are The Most Insane Thing A Man Can Wear This Summer,[]
Three Photos That Prove Lionel Messi Is The Best Player On Earth,[]
OITNB’s Jackie Cruz Once Kissed Kourtney Kardashian On Camera,[]
When Will You Really Get Married?,[]
17 People Who Clearly Need To Get Their Eyes Checked,[17]
Pantene Wants Women To Stop Saying “Sorry” Already,[]
"Hillary Clinton, A Supreme Court Justice, And A Civil Rights Leader Walk Into A Costco",[]
22 Thoughts Everyone Has While Driving In Mumbai,[22]
26 Things Every Teenager Experienced While Growing Up,[26]
Mayor Of Affluent Southern California Town Resigns After Dog Poop Scandal,[]
18 Jobs You Can Actually Do In Australia,[18]
10 Coffee Shops Seattle Should Be Famous For,[10]
15 Ways To Stay Active Without Going To The Gym,[15]
"19 Completely Outrageous Headlines You Could Only Find In ""The Sunday Sport""",[19]
Marijuana Found Hidden In “Stomach Fat” Of 450-Pound Florida Man,[]
14 Pics That Prove Malta Is The Most Underrated Country In The Mediterranean,[14]
What Your Hometown Says About You In Australia,[]
26 Struggles Only Adults Who Still Sleep With Their Teddy Will Understand,[26]
Our 9 Favorite Feature Stories This Week,[9]
11 Signs You're Confident (But Not Cocky),[11]
10 Deviled Eggs That Put Other Deviled Eggs To Shame,[10]
"Boss Accidentally Forwards A Holiday Request To Whole Company, The Internet Reacts Brilliantly",[]
16 People Who Didn't Quite Succeed,[16]
Awesome Day Trips From 11 Major U.S. Cities,[11]
White House To Meet With LGBT Advocates About Federal Contractor Executive Order,[]
Old Lady’s Jam Is Seriously A Lil Jon Song,[]
Which Superhero Should You Hook Up With?,[]
Nicole Kidman And Keith Urban Performed “Amazing Grace” For Hospitalized Kids,[]
25 Slang Phrases That Make Mexican Spanish So Awesome,[25]
19 Words And Phrases You Need To Bring Back From Your Childhood Right Now,[19]
33 Babies Devouring Their First Birthday Cake,[33]
Pro-Clinton Group Goes International,[]
21 Problems Only Natural Blondes Can Relate To,[21]
27 Signs That Won At Signs,[27]
Will Ferrell And Doppelgänger Chad Smith Have Epic Drum-Off On “The Tonight Show”,[]
12 Activities That Will Make You Want To Hit The Gym,[12]
"14 Ways You Know You've Found ""The One""",[14]
The 24 Types Of Text All Dads Send,[24]
25 Words That Have A Totally Different Meaning When You Move To London,[25]
10 Road Trips You Need To Take This Summer,[10]
30 Harry Potter Facts That’ll Make You Want To Reread The Series (Again),[30]
A Quarter Of All Britons Think It’s Not Possible To Be Both Muslim And British,[]
Watch 50 Cent Throw The Worst First Pitch In Baseball,[50]
23 Reasons Why Martin Freeman Is A Wonderful English Gift To Humanity,[23]
Everyone Is Obsessed With This Vine Of An 11-Year-Old Getting Hit In The Face With A Basketball,[]
Charlie Rangel Really Might Lose This Time,[]
13 Things Everyone Loves About Nashville,[13]
Gabby Giffords Throws First Pitch At Congressional Women’s Softball Game,[]
38 People Who Will Make You Feel Better About Your Life Choices,[38]
"7 Stories Of Everyday Sexism, As Told By Female Doctors And Nurses",[7]
24 Problems People Who Don’t Drink Will Understand,[24]
The Only 39 Road Trip Songs You’ll Ever Need,[39]
22 Adorable Cats Who Happen To Be Polydactyl,[22]
28 Ridiculously Hot Celebrities With Incredibly Cute Cats,[28]
"43 Incredible Photos Of Earth, As Seen From Space",[43]
29 Art Snapchats That Will Give You Life,[29]
10 Little Things In Life Worth Toasting,[10]
What Ice Cream Flavor Are You?,[]
27 Intensely Embarrassing Sex Stories That Will Make You Feel Better About Your Own Sex Life,[27]
41 Funny Signs You’d Only See In Britain,[41]
The Real Reason Kimye Looked Unhappy On Their Honeymoon,[]
The 22 Most Satisfying Feelings On Earth,[22]
Some Guy Belted Out “The Very Hungry Caterpillar” In An Adelaide Mall,[]
13 Comebacks For The Most Overused Breakup Lines,[13]
The Boopiest Boops That Ever Booped,[]
These Are The First Photos Of Tina Fey And Amy Poehler Filming Their New Movie,[]
10 Signs Your Hair Is Damaged,[10]
18 Things Only People Who Hate Camping Understand,[18]
Prince George Spotted Walking For The First Time,[]
Rob Portman Says Support For Marriage Equality Makes Winning A National Republican Primary Tough,[]
Kendall Jenner’s Dress Features Her Pelvic Bones At The MuchMusic Awards,[]
10 Reasons All Cats Are Introverts,[10]
A Florida Man Had To Shoot An Intruder Himself When His 911 Call Went To Voicemail,[911]
29 Creative And Colorful Hair Trends To Try This Summer,[29]
The 25 Most Hilarious Animal Vines Set To Rap Songs,[25]
15 People Who Could Have Used A Helping Hand,[15]
Big Boo Is The Butch Lea DeLaria Has Been Waiting To Play Her Whole Life,[]
29 Ways To Eat Strawberries And Rhubarb In Blissful Harmony,[29]
"Finally, A Social Network Where You Can Brag About All The Stuff You’ve Bought",[]
Which Supermarket Are You?,[]
What Animal Should You Actually Be?,[]
If Rihanna’s Tweets Were Motivational Posters,[]
The 19 Most Epic Tweets Ever Tweeted,[19]
Definitive Proof That Summer Is Curly Hair’s Worst Enemy,[]
"23 Unforgettable Moments From ""My Strange Addiction""",[23]
31 Reasons You Should Get Rid Of Your Smartphone Immediately,[31]
"Mariah Carey Tries Pawning Off Photo Of Herself From 1997, Forgets The Internet Exists",[]
22 Photos That Prove Florida Is Paradise,[22]
57 Things You Never Knew About Disney Princesses,[57]
These Disney Princesses Reimagined As Different Ethnicities Are Gorgeous,[]
11 Times You Accidentally Got Some Exercise,[11]
This Man Found A Baby On The Highway And Saved Her Life,[]
14 Under-The Radar Sports You Should Definitely Know About,[14]
U.S. Forces Move Into Iraq As ISIS Insurgents Target Baghdad,[]
14 GIFs That Will Make You Really Want To Wash Your Hands,[14]
26 Of The Most Mindbendingly Insane Outfits Worn In The History Of Ascot’s Ladies Day,[26]
13 Spectacular Underwater GIFs That Will Leave You In Awe,[13]
The 33 Best Chandler Bing One-Liners,[33]
This Feminist Father Has The Best T-Shirt You’ll See All Day,[]
These Pictures Of Kim And Kanye Simpsonized Will Make You Go WTF,[]
12 Perfect Koozies For 12 Different Kinds Of People,"[12, 12]"
Who Should Sing The Soundtrack To Your Life?,[]
17 Things You Need To Complete Your Mermaid Transformation,[17]
12 Wedding Dress Rules That Are Meant To Be Broken,[12]
26 Reasons Having A Twin Seems Awesome,[26]
This Is The Hottest Part About The World Cup So Far,[]
This Is Probably The Worst Place To Build A Nest,[]
This Is The Sound Of Brazil Celebrating A Goal,[]
"This Man’s Moving Confession About His Illness Prompts £13,000 Worth Of Donations In A Single Day",[]
The 71 Stages Of Running A Half Marathon With Little To No Training,[71]
The 35 Most Disturbing Face Swaps Of All Time,[35]
21 Times Text Messages Are The Only Way To Say It,[21]
16 Of The Funniest British Vines That Ever Happened,[16]
33 Genius Hacks Guaranteed To Make A Parent’s Job Easier,[33]
9 Nail Artists You Need To Follow On Instagram,[9]
The One Thing You Didn’t Notice From Nelly And Kelly Rowland’s “Dilemma” Music Video,[]
Where Season 4 Of “Game Of Thrones” Went Wrong,[4]
These Twee Dogs On Instagram Are Your New Favorite Indie Band,[]
17 Accessories Every Misandrist Should Own,[17]
Brian Williams Raps “Baby Got Back”,[]
25 Craft Beer Names That Deserve A Round Of Applause,[25]
12 Instagram Accounts That Will Give You Wanderlust,[12]
Feds To Lift Ban On Insurance Coverage Of Sex-Reassignment Surgery,[]
Here’s Proof That Celebrity Men Look Unbearably Hot In Suits,[]
17 Important Life Lessons Coach Taylor Taught Us,[17]
One Of The Best Indie Games Ever Is Finally On Phones,[]
Clinton On IRS: “Anytime The IRS Is Involved For Many People It’s A Real Scandal”,[]
23 Reasons Summer Is The Scariest Season,[23]
9 Lady Bloggers We Want To Be Best Friends With,[9]
Mario Balotelli Fills World Cup Sticker Album With Pictures Of Himself,[]
26 Pictures That Prove Hats Make Guys Look Insanely Hot,[26]
Are You A Bad Person?,[]
21 Classic Movies All Teenage Girls Need To See,[21]
21 Sisters Who Must Be Stopped,[21]
20 Incredible Things You Never Knew About Amazon.com,[20]
Tracy Morgan’s Condition Upgraded To Fair After Crash,[]
"35 Ways British Men Can Address Each Other, Defined",[35]
14 Cats Who Look Better With Bangs,[14]
10 Street Food Beer Pairings That Will Go Perfectly With Your Summer,[10]
How Paranoid Are You?,[]
Is There A Curse On World Cup-Winning European Teams?,[]
10 Perfect DIY Projects For Your Pup,[10]
27 People Who Have Better Job Titles Than You,[27]
13 Roommate Horror Stories That Will Make You Want To Live Alone Forever,[13]
The One Detail You Missed In “The Fault In Our Stars” While You Were Crying Your Eyes Out,[]
10 Hilarious Father’s Day Gifts Any “Game Of Thrones” Fan Would Love,[10]
This Man Got Stupidly Hot After He Spent A Year Growing A Beard,[]
The 25 Absolute Greatest Dad Jokes Of All Time,[25]
15 Definitive Reasons Why We Couldn't Turn Off The TV In The '90s,[15]
19 Incredible Things You Didn’t Know About Dunkin’ Donuts,[19]
What Is Your Personal Theme Song?,[]
"26 Life Lessons You Learned From Salem Of “Sabrina, The Teenage Witch”",[26]
14 Underrated Places You'll Really Want To Move To,[14]
Americans Taste Test British McDonald’s,[]
Arpaio At The Center Of Another Lawsuit By Immigrant Rights Groups,[]
22 People Who Just Forgot How To People,[22]
Quick Tofu & Soba Noodle Salad With Spicy Peanut Sauce,[]
26 Kids Who Straight Up Don’t Give A F**k,[26]
The Awkward Sex Scene Quiz,[]
Watch This 86-Year-Old Woman Dive Into A Disgusting Dumpster To Prove A Point,[]
Hannibal Buress Expertly Trolled Miami Heat Fans And It Was Wonderful,[]
14 Cats Who Are Glad They Got Bangs,[14]
50 Completely Unexplainable Stock Photos No One Will Ever Use,[50]
28 Things You Didn’t Know About Selena,[28]
Meet The “ISIS Fanboys” Spreading The Message Of Iraq’s Most Feared Terror Group,[]
Celebrities Read Mean Tweets About Themselves Part 7,[7]
24 Adorably Geeky Wedding Invitations,[24]
13 Reasons Cats Aren't Great Roommates,[13]
This Vine Of A Boy Diving And Then Disappearing Is A Contender For The Best Vine Ever,[]
12 People Who Took Their Safety Into Their Own Hands,[12]
28 Problems All Coffee Addicts Will Understand,[28]
11 Lessons My Dad Taught Me,[11]
Here’s How To Gross Out Everyone With A Photo Of Your Eye,[]
Here’s How A Fake Feminist Hashtag Like #EndFathersDay Gets Started And Why It’ll Keep Happening,[]
27 Reasons Sam Smith Is The Angelic Voice The World Needs Right Now,[27]
13 Times Artists Tried To Draw Babies and Failed,[13]
12 Quotes Every Fisherman Understands,[12]
Sydney University Recreated The “Game Of Thrones” Opening Credits And It Was Great,[]
19 Reasons You Like Animals Better Than People,[19]
"Al Jazeera Journalist, On A Hunger Strike For 147 Days, Is Set Free In Egypt",[147]
19 Relationship Problems As Told By Stiles Stilinski,[19]
Stephen Hawking Relentlessly Mocks John Oliver In Hilarious Interview,[]
You Should Be Playing The Pac-Man World Cup Drinking Game,[]
TI And Azealia Banks Are Beefing On Social Media,[]
"Major Newspaper Dumps George Will, Apologizes For 'Offensive' Rape Column
on thinkprogress.org ›",[]
28 Problems You Have Now But Didn’t Have 10 Years Ago,"[28, 10]"
21 Secrets About Sephora That Every Makeup Addict Should Know,[21]
Here Are 14 Facts About The F Word That Will Impress Your Friends,[14]
13 Baking Soda Hacks You Have To Try,[13]
21 Brothers Who Must Be Stopped,[21]
14 Faces That Tell You Exactly How Stunning Spain’s World Cup Elimination Was,[14]
This Two-Minute Video Of A Cat Just Sitting In A Chair Is Perfect In Every Way,[]
28 Struggles Of Growing Up With An Older Brother,[28]
20 Reasons Catsies Are Better Than Selfies,[20]
13 Most Epic Ways To Up Your Grilled Cheese Game,[13]
"A Man Ordered A $54 Sexagintuple Vanilla Bean Mocha Frappuccino, The Most Expensive Starbucks Drink",[]
26 Words That Have A Totally Different Meaning In Yorkshire,[26]
New Spanx Denim Will Make Squeezing Your Organs Even More Casual,[]
17 Reasons Why Iggy Azalea Is The Queen Of This Summer,[17]
15 Things You Can Do In Australia That You Can't Do Anywhere Else,[15]
The Mute Button Is The Most Important Thing You Could Ever Use In Gmail,[]
The 38 Absolute Best Yearbook Quotes From The Class Of 2014,"[38, 2014]"
12 Household Hacks That Are Useful For Everyone,[12]
Hot Or Not Returns To An Overheated Online Dating Market,[]
This Is The Most Soothing Vine Ever,[]
Landon Donovan Scores The Funniest Commercial Of The World Cup,[]
10 Teachers Who Are Getting Creative With Their Lesson Plans,[10]
250 New Emojis To Be Released In July,[250]
Senators Question Obama’s Authority For U.S. Military Strikes In Iraq,[]
22 Awesome Things You Didn’t Know About Your Dog,[22]
How Well Do You Know “Sex And The City”?,[]
The 29 Most American Things That Have Ever Happened,[29]
The Most WTF Celebrity Photoshop Fails Of All Time,[]
More Proof That Japan Really Does Have The Best World Cup Fans,[]
How In Touch Are You With Your Inner Child?,[]
24 People Who Are At The Top Of Their Facebook Game,[24]
This Photo Of Pitbull Holding An Honorary Degree From A Non-Accredited College Is An Inspiration,[]
"This Is The Area Of Solar Panels It Would Take To Power The World, Europe, And Germany",[]
21 Secrets For Shopping At Sephora That Every Makeup Addict Should Know,[21]
28 Problems Every Eldest Sibling Will Understand,[28]
Iraq: A Dream Showcase For The ISIS Brand,[]
Proof That Teachers Have The Toughest Job In The World,[]
25 Words That Have A Totally Different Meaning When You’re A Server,[25]
Outdoor Survival Basics: Expectation Vs. Reality,[]
23 Reasons You Should Spend The Next Year In Australia,[23]
21 Problems Only People Raised By Doctors Will Understand,[21]
17 Very Special Thrift Store Paintings You Wish You Owned,[17]
26 Common Thrift Store Finds You Can Flip To Make Money,[26]
22 Things You Do When You Hang Out With Younger Friends,[22]
10 Ways To Make Your Adult Responsibilities More Fun,[10]
The 10 Safest Places To Ride Out The Apocalypse,[10]
25 Husbands Who Must Be Stopped,[25]
"U.S. Supreme Court: You Can't Lie About Your Gun Purchase, No Matter What Your Reason
on thinkprogress.org ›",[]
"Nicole Richie Had Blue Hair For A Day This Weekend
on refinery29.com ›",[]
83 Thoughts Everyone Has When Watching “The Bachelorette”,[83]
How The Tea Partier Who Wants To Replace Eric Cantor Defines ‘Bipartisanship’,[]
Watch How This Blind And Deaf Soccer Fan Was Finally Able To Experience The World Cup,[]
12 Things Dad Taught Us About Being A True Sports Fan,[12]
10 Reasons Your Cat Needs To Take A Selfie,[10]
22 Things Only A Boss Bitch Will Understand,[22]
Islamist Fighters In Iraq And Syria Keep Tweeting Pictures Of Cats,[]
"Sia Asks Her Fans To Flood A Dry Cleaning Place With Bad Yelp Reviews, They Do",[]
One Fact That Will Make You Want To Sign Up For The BuzzFeed Animals Newsletter,[]
26 Reasons Why Parents Shouldn’t Be Allowed To Have Phones,[26]
21 Times Emma Watson Has Been The Most Flawless Woman Of The Decade,[21]
A Bride Actually Tied Her Baby To Her Wedding Dress Train And Dragged Her Down The Aisle,[]
11 Slightly More Accurate Names For Yoga Poses,[11]
How Stereotypically Irish Are You?,[]
"""Okay Latinos"" Trended On Twitter After Mexico-Brazil Because George Lopez Is Hilarious",[]
10 Gaming Tournaments That Are Seriously Making It Rain,[10]
25 Puns So Terrible They Should Be Made Illegal,[25]
This Is What Happens When Team U.S.A. Wins A Game In The World Cup,[]
What Your Favorite Emoji Actually Says About You,[]
21 Amazing Emma Watson Quotes That Every Girl Should Live Their Life By,[21]
18 Cool Internet Tricks You Didn't Know About,[18]
The Blockbuster Bromance That Is Taking Over Hollywood,[]
Why You’ll Never Really Get Over Monica And Chandler,[]
This Forest Ranger Was Granted His Dying Wish To See The Woods One Last Time,[]
21 Reasons Summer Sucks For Anyone With Big Boobs,[21]
The “Best Banner At The World Cup” Isn’t From The World Cup,[]
36 Times Tumblr Proved It Was The Funniest Place On The Internet,[36]
Everyone Finds Thierry Henry Really Arousing And This Is Why,[]
14 Mini Pies That Will Melt Your Heart,[14]
15 Earth-Shattering Hufflepuff Problems,[15]
16 Signs You Were Meant To Be A Teacher,[16]
23 Things That Inevitably Happen When You Start Getting In Shape,[23]
11 Projects That Take Photography To The Next Level,[11]
31 Science-Fiction Things That Actually Exist Now,[31]
Who Said It: Tupac Or Shakespeare?,[]
Toronto Mayor Rob Ford Says He’s Coming Back To Work On June 30,[30]
"14 Questions Your Parents Have About Your Job In ""Media""",[14]
14 Reasons You Shouldn’t See “The Fault In Our Stars”,[14]
21 People Who Are Definitely The Only Ones,[21]
17 Problems All Naturally Skinny People Will Understand,[17]
"Lana Del Rey’s Truth Is In Her Music, Not Her Life Story",[]
13 Places Where Southerners Don't Want You To Vacation,[13]
23 Signs You’re The Chandler Of Your Friend Group,[23]
12 Awkward Parent Moments Every Adult Has,[12]
11 Secrets About Game Shows That You Probably Never Knew,[11]
23 Ways To Rock Your Vegan Barbecue,[23]
Dr. Oz Admits To Senator Many Of The Diet Drugs He Promotes Aren’t Based In “Fact”,[]
21 Reasons Rebel Wilson Is A Fantastic Role Model,[21]
25 Of The Most Clever Craft Beer Names In History,[25]
"After A Girl Was Sent Home In Tears Because Her Dress Was Too Short, Her Mom Wore It To Graduation",[]
"16 Hilarious Made-Up Facts About ""Harry Potter"" That We Wish Were True",[16]
How Close Are You And Your Significant Other?,[]
Activists Are Outing Hundreds Of Twitter Users Believed To Be 4chan Trolls Posing As Feminists,[]
If Danny Dyer’s Tweets Were Motivational Posters,[]
14 GIFs That Will Make You Want To Wash Your Hands,[14]
Who Said It: James Baldwin Or Audre Lorde?,[]
The 10 Best Places To Be During The Apocalypse,[10]
The Definitive Ranking Of Things That Will Test A Parent’s Patience,[]
28 People Who Refused To Play By The Rules,[28]
12 Problems Only Nail Art Lovers Will Understand,[12]
28 Vines That Will Never Stop Being Funny,[28]
12 Things Our Dads Taught Us About Being A True Fan,[12]
16 Travel Tips... As Told By Your Dad,[16]
27 Things You Won’t Regret When You’re Older,[27]
20 Catsies That Demand All Your Attention Right Now,[20]
28 High School Senior Pranks That Failed So Hard They Almost Won,[28]
13 Ways No Human Should Start A Conversation,[13]
What Should Your Wedding Song Be?,[]
This Is What “Arrested Development” Would Look Like If It Was About The Australian Government,[]
49 Reasons Italy Is Definitely The Steamiest Team In The World Cup,[49]
The Third Installment Of “Wombat Wednesdays” Is Here,[]
What Your British University Says About You,[]
11 Reasons You Should Smile,[11]
32 Jokes Only “Orange Is The New Black” Fans Will Understand,[32]
The Definitive Ranking Of Diet Killers,[]
14 Fruitastic Desserts Just In Time For Summer,[14]
12 Things You Should Never Do On A Business Trip,[12]
Are These The Goals That Just Sent Spain Home From The World Cup?,[]
21 Things Only Polish-Americans Understand,[21]
22 Famous People Worthy Of Being Eaten,[22]
10 Reasons Team USA Can Win The World Cup,[10]
Here’s What You Need To Know About The Oprah Chai At Starbucks,[]
"12 Things ""That Guy"" Does At Every Gym",[12]
10 Collaborations That Went Above And Beyond,[10]
This Tearjerking Video Is The Only Gift You Need To Send Your Dad This Father’s Day,[]
"World’s Biggest Cricket Fan Seeks Commentary Job After Uploading Over 2,200 Videos On YouTube",[]
25 Times NSFW Cakes Were The Only Way To Say It,[25]
12 Ways Wedding Dress Rules Are Meant To Be Broken,[12]
This 60-Year-Old Grandpa Playing Video Games Is Badass,[]
"Ira Glass Finally Joins Twitter And He’s Already ""Bored""",[]
How To Fill In Your Brows Perfectly,[]
15 Horrifying Things Everyone With A Retainer Goes Through,[15]
18 Words That Have A Different Meaning When You’re Jewish,[18]
"21 Times Aragorn From ""Lord Of The Rings"" Had Better Hair Than You",[21]
Ringly Is The Smartest Ring You’ve Ever Seen,[]
"Duffy The Irish Terrier Sees Family After Surgery
on people.com ›",[]
"This Is How To Properly Practice Your Flopping, The Brazilian Way",[]
32 Of Your Childhood Toys That Are Worth An Absolute Fortune Now,[32]
Today’s Google Doodle Is A Favela And That’s Plain Rude,[]
23 Everyday Occurrences In Russia,[23]
São Paulo Looks Like A Ghost Town During Brazil’s Match,[]
Indonesia Shuts Down Massive Prostitution Complex,[]
"You Need To Know About The Social Media Version Of ""Laguna Beach"" Immediately",[]
Do You Win At Eating?,[]
This $495 Footstool Looks Like A Nightmare,[]
Some Wes Anderson Fans Built The Grand Budapest Hotel Entirely Out Of Legos And It’s Glorious,[]
Hero Who Stopped Seattle Shooter Has His Wedding Registry And Honeymoon Paid For By Strangers,[]
Which British University Should You Actually Have Gone To?,[]
Marcus Wellons Set For Execution In Georgia Tonight,[]
"Chikungunya Coming To The US? What You Need To Know About The Virus
on foxnews.com ›",[]
12 Signs Your Only Lane Is The Fast Lane,[12]
59 Things You’ll Only Understand If You Were A Teenager In The Early 2000s,[59]
"How Well Do You Know ""The O.C.""?",[]
The 33 Most Cringeworthy Things That Have Ever Happened,[33]
Texas Senator Writes Touching Father’s Day Letter To His Gay Daughter,[]
Watch Idina Menzel Discover And Recover From A Wardrobe Malfunction Like A Pro,[]
"The 24 Greatest, Nerdiest Jokes Ever Told",[24]
25 Relatives You’ll Find In Every Desi Family,[25]
17 Magnificent Obituaries That Will Put Your Life In Perspective,[17]
The Iconic World Cup Image By A Brazil Street Artist That FIFA Doesn’t Want You To See,[]
27 Spectacular News Fails,[27]
65 Feelings Kids Today Will Never Understand,[65]
Watch This Little Boy Get His Tooth Pulled Out By A Hot Wheels Car,[]
17 Inspirational Health And Fitness Enthusiasts For People Of Color,[17]
16 Things Every Teacher Can Relate To,[16]
16 Animal Selfies That Just Can't Compete With A #Catsie,[16]
How Emotionally Repressed Are You?,[]
13 Things We Love About Small Towns,[13]
17 Incredible Obituaries That Will Put Your Life In Perspective,[17]
What The State You Live In Says About You,[]
"U.S.A. Holds On To Beat Ghana, 2-1",[]
You’ve Been Cutting Cake The Wrong Way Your Whole Life,[]
Federal Appeals Court In Cincinnati To Hear Four States’ Marriage Cases In August,[]
The Iconic Playlist For Your Summer Road Trip,[]
13 Incredible Seafood Recipes That Will Bring Out The Pescetarian In You,[13]
21 Words That Have A Totally Different Meaning When You Live In India,[21]
25 Songs Surely Written For The Perfect Slow Dance,[25]
11 People Who Take Photography To The Next Level,[11]
The 28 Greatest Moments In The History Of Sarcasm,[28]
Snapchat Experiments With A Snapchat Story That Anyone Can Post To,[]
10 Ways To Make Your Business Trip To Hong Kong Feel Like A Vacation,[10]
"Meet “Feminist Frank,” A New Meme That You’re Going To Wish Was An Actual Guy",[]
"16 Tongue Tattoos That Will Make You Say ""NOPE""",[16]
The 14 Absolute Worst Places To Lose A Retainer,[14]
12 Car Technologies That Are Ridiculously Awesome,[12]
14 Things Ferris Bueller Would Do With His Day Off Now,[14]
The 100 Most Important Cat Pictures Of All Time,[100]
Hidden Painting Found Under Picasso’s Masterpiece The Blue Room,[]
Amazon's New Phone Is Basically A Portable Shopping Mall,[]
Definitive Proof That The World Cup Is Being Controlled By The Illuminati,[]
10 Workouts We Can Learn From Babies,[10]
World Cup Cameraman Impossibly Finds The Pretty Girl In The Crowd,[]
What Really Happens When Super Mario Eats Magic Mushrooms,[]
51 Budget Backyard DIYs That Are Borderline Genius,[51]
26 Things That Will Turn Your Bad Day Around In An Instant,[26]
Nic Cage Made The Best Talk Show Entrance Of All Time Back In 1992,[1992]
The DMV Refused To Give A 16-Year-Old Boy His License Until He Removed His Makeup,[]
10 Dad Fashion Fails You Can Help Him Avoid,[10]
28 Photos That Perfectly Capture What People Are Like At Bonnaroo,[28]
35 Reasons Why Vin Diesel Is The Sexiest Being To Ever Walk This Earth,[35]
This New Wearable 3-D Printed Contraption Leaves You Naked If You Expose Your Online Data,[]
This 3-Year-Old Was Reportedly Asked To Leave KFC Because Her Face “Scared Diners”,[]
What Tattoo Expresses The True You?,[]
25 Animals Who Prove Humans Know Nothing About Dance,[25]
Natalie Dormer Looks Exactly Like Lola Bunny,[]
This Wolf Pup Has The Hiccups And It Might Be The Cutest Video You’ll See Today,[]
Who Should You Actually Root For In This Year’s World Cup?,[]
What Do People Actually Hate About You?,[]
41 Photos That Prove Godfrey Gao Is Actually Godly,[41]
23 Delicious DIY Granola Bar Recipes,[23]
We Asked 36 People To Make Their Ugliest Faces And Here’s What Happened,[36]
What Girls’ First Names Say About Them,[]
15 Stages You Go Through When Your Parents Sell Your Childhood Home,[15]
Which Emoji Do You Use The Most?,[]
22 Colorful Animals Who Look Too Beautiful To Be Real,[22]
Obama: Keep Pressure On Congress To Pass ENDA,[]
Bill Murray Ended Up In This Couple’s Engagement Photos For Some Reason,[]
65 Impossibly Beautiful Alternative Engagement Rings You’ll Want To Say Yes To,[65]
24 “Glee” Covers That Are Better Than The Originals,[24]
58 Thoughts You Have While Playing The Simpsons: Tapped Out,[58]
21 Popsicle Sticks Who Have Mastered Dad Humor,[21]
37 Reasons To Love Brazilian Hulk,[37]
Dzhokhar Tsarnaev Asks Trial To Be Moved Out Of Massachusetts,[]
"What It Feels Like Being Drunk, According To A Person Who Has Never Been Drunk",[]
29 Incredibly Awkward Sticker Placements,[29]
11 Fruity Desserts You Can Make In 6 Ingredients Or Less,"[11, 6]"
11 Endangered Animals You Should Get To Know Now,[11]
18 Manicures That Will Make Your Jaw Drop,[18]
74 Thoughts Everyone Has When Buying Their First Home,[74]
Whoa! There Was A “Blossom” Cast Reunion,[]
"Seeing The ""Game Of Thrones"" Cast As Normal Humans Is Still Completely Mesmerizing",[]
18 Pictures That Prove Lauren Conrad Has The Hair Of A Greek Goddess,[18]
16 Reasons Why Grinding Is The Worst Thing To Ever Happen To Humanity,[16]
39 Incredible Things You Didn’t Know About Emma Watson,[39]
"The World’s Dazzling Drone Footage, On One Easy Map",[]
27 Painful Photos Every Short Girl Can Relate To,[27]
"13 Reasons Why Jo Should Have Picked Laurie In ""Little Women""",[13]
20 Bears Who Think They’re People,[20]
Why You Should Read Like A Teen Again,[]
Are You Actually Kanye West?,[]
"Which ""Teen Wolf"" Character Are You?",[]
What Kind Of Thinker Are You?,[]
The 31 Worst Things That Have Ever Happened To Design,[31]
12 No-Risk Ways To Break Up With Someone,[12]
Who Would Play Your Dad In The Movie Version Of Your Life?,[]
15 Boozy Spritzers To Keep You Cool On A Hot Day,[15]
35 Thoughts You Have When You Get A Flat Tire,[35]
Germany’s Coach Picked His Nose And Then Shook Cristiano Ronaldo’s Hand,[]
This Is What Your Favorite Hollywood Movies Would Look Like If They Were Made In Bhojpuri,[]
13 Unlucky Moments Every Soccer Fan Knows Too Well,[13]
17 Songs That Made You Sob Uncontrollably As A Teen,[17]
"Apparently, Thanks To “Frozen,” Elsa Has Become One Of The Most Popular New Baby Names Of 2014",[2014]
There Is Now Video Of The Kidnapped Nigerian Schoolgirls,[]
This Canadian Official’s Smooth Reaction To A Snubbed Handshake Is Just Wonderful,[]
World Cup Live: Brazil Vs. Mexico,[]
A Dad Has Drawn On His Son’s Lunch Bag Every Day For Two Years,[]
21 Headlines That Prove Reality Is Infinitely Stranger Than Fiction,[21]
What Kind Of Video Game Is Your Life?,[]
22 Problems All People Who Suck At Flirting Will Understand,[22]
8 Everyday Things That May Give You Cancer,[8]
16 Things All Moms Are Guilty Of Doing,[16]
10 Fishing Lessons We Learned From Our Dads,[10]
What Guys’ First Names Say About Them,[]
Trans Pride L.A. Event Evacuated After Bomb Threats,[]
10 Cutting-Edge Hairstyles And What They Say About You,[10]
15 Times Even Google Couldn’t Help,[15]
Angie Martinez Resigns From Hot 97,[97]
"33 Of The Most Memorable Ross Geller Moments On ""Friends""",[33]
11 Country Music Lyrics That Prove Women Run The World,[11]
25 Men Who Have Lost The Battle Against Shopping,[25]
41 Life-Saving Beauty Hacks Every Girl Should Have In Her Arsenal,[41]
13 Comics That Smash The Patriarchy,[13]
Star Wars Armor Is Helping Little Girls Deal With Bullying,[]
21 Problems Only People With Baby Faces Will Understand,[21]
10 Potato Salads That Could Change Your Life,[10]
Stephen King Isn’t Afraid Of The Big Bad Adaptation,[]
10 Easy And Adorable DIY Manicures,[10]
Which “Orange Is The New Black” Inmate Are You?,[]
15 Surreal Places That Prove Canada Is A Breathtaking Country,[15]
"17 Reasons You Can't Stop Watching ""Teen Wolf""",[17]
27 Reasons Arya Stark Is The Baddest Bitch In Westeros,[27]
A Guy Accidentally Called The Police On Himself And Then They Mocked Him On Twitter,[]
19 Words That Have A Different Meaning When You’re Single,[19]
Alexander Skarsgård Looks Almost Unrecognizable In This Early ’00s Swedish Magazine,[]
19 Words That Have A Totally Different Meaning When You’re An Introvert,[19]
This Is What Cristiano Ronaldo Actually Looks Like,[]
We Asked 36 Strangers To Make Their Ugliest Faces And Here’s What Happened,[36]
21 Bad Decisions You Made In The 2000s That You'd Make Again,[21]
What It's Really Like To Own A Cat,[]
16 GIFs That Prove There Is No God,[16]
U.S. Arrests Philadelphia Man Accused Of Being SS Guard At Nazi Death Camp,[]
45 Rare Takes On Your Favorite Songs,[45]
9 Companies That Will Pay Most Of Your College Costs,[9]
Should You Go To Grad School?,[]
55 Thoughts Everyone Has At Group Dinners,[55]
The 15 Levels Of Being A Badass,[15]
Are Cristiano Ronaldo And Billy Ray Cyrus The Same Person?,[]
All The Teams Should Go Home Now Because Bappi Lahiri Just Won The World Cup,[]
Owning A Cat: Expectations Vs. Reality,[]
26 Signs You Should Actually Live In Rome,[26]
13 Signs You're Ready To Buy A New Car,[13]
12 Reactions Everyone Has At A Soccer Game,[12]
14 Signs You Really Need A Break From Your Phone,[14]
The Bizarre And Horrifying Autobiography Of A Mass Shooter,[]
This Guy Might Be The Coolest Stay-At-Home Dad Ever,[]
24 Pinterest Fails That Will Make You Feel Better About Your Summer,[24]
16 Truly Terrifying Super-Short Stories,[16]
17 Honest City Slogans We Wish Existed,[17]
This Impressive Dog Can Perform Serious Balancing Tricks And We Can’t Even Handle It,[]
"This Jazz Cover Of The ""Game Of Thrones"" Theme Song Is Fantastic",[]
13 Reasons To Revisit Your Dream Job From Childhood,[13]
23 Photos Of Leonardo DiCaprio That Will Restore Your Faith In Hair Gel,[23]
14 Signs You Really Need A Vacation From Your Phone,[14]
21 Problems All Sarcastic People Will Understand,[21]
14 Surprisingly Honest Confessions From Twins,[14]
17 Midwestern Landscapes That Are Totally Unreal,[17]
Emma Watson’s Graduation Pal Was Actually An Undercover Bodyguard,[]
The 28 Cleverest Things That Have Ever Happened,[28]
24 Passive Aggressive Notes That Failed At Being Passive,[24]
22 Important Reminders That Someone Is Having A Worse Day Than You,[22]
A Tween Is Thrown A Hilariously Cringey “First Moon Party” In This Groundbreaking Tampon Ad,[]
22 Reasons Why Seahorses Are The Most Badass Creatures In The Ocean,[22]
15 Pieces Of Driving Advice That Are Really Life Lessons,[15]
Just A Photo Of Kanye And North West Sleeping,[]
24 Things People Who Cry All The Time Know All Too Well,[24]
Badass Dad Catches Home Run Ball With One Hand While Holding A Baby,[]
23 Struggles That People With Monotone Voices Will Understand,[23]
World Cup Fans Break Down Barrier And Storm Stadium,[]
The 30 Hottest Bearded Men Of The World Cup,[30]
17 Tattoos Inspired By Your Favorite Bands,[17]
Here’s Proof The Women Of “Game Of Thrones” Are Way More Badass Than The Men,[]
Iran Arrests Young Iranians For Making A Pharrell “Happy” Video,[]
This Deployed Soldier’s Dog Was Sold By His Girlfriend And Now The Internet Is Trying To Reunite Them,[]
37 Powerful Photos That Show A Whole Other Side To The World Cup In Brazil,[37]
This Reporter’s Reaction To Team USA’s Goal Against Ghana Is Perfection,[]
24 Signs You’re The Nick Miller Of Your Friend Group,[24]
35 Pictures That Prove The Struggle Is Alive And Well,[35]
Sarah Millican’s Awesome Response To Twitter Trolls Who Mocked Her Appearance,[]
Which Sitcom Family Do You Belong In?,[]
"This Is Britain’s Biggest Ice Cream And It Contains 21,000 Calories",[]
17 Bookstores That Will Literally Change Your Life,[17]
"Meet Bryan Silva, The Kid Who Gained 400,000 Followers On Vine For Making Weird Gun Noises",[]
Where Should You Live?,[]
14 Breathtaking Pictures That'll Restore Your Faith In Clouds,[14]
11 Simple Science Projects To Try With Your Kids Tonight,[11]
35 Pieces Of Vin Diesel Eye Candy That Will Help You Get Through Today,[35]
19 Indie Comics That You Need To Be Reading,[19]
This Is Raury: The 18-Year-Old Prince Of The Post-Genre Generation,[]
Here’s Definitive Proof That Chile Has The World’s Greatest Football Commentators,[]
16 Questions About Boobs Only Yahoo Answers Can Help You With,[16]
See The Women In Famous Paintings Get The Photoshop Treatment,[]
"19 Words That Have A Totally Different Meaning On ""Game Of Thrones""",[19]
16 Signs You’re The Only Latina/Latino At The Office,[16]
26 Spectacular News Fails,[26]
14 Signs You're A Country Girl,[14]
15 Individuals Who Have The Skills To Pay The Bills,[15]
"This Guy Inserted Himself Into Every Frame Of Britney Spears’ Video For ""Work Bitch""",[]
Bush-Era Advocates Of Splitting Iraq Into Three Parts: I Told You So,[]
33 Of The Most Memorable Ross Geller Moments On “Friends”,[33]
This Science Experiment Will Make You Never Want To Drink Coke Again,[]
"Deryck Whibley Comes To His Senses, Legally Removes “Lavigne” As His Middle Name",[]
16 Times Alternate Subtitles Massively Improved GIFs,[16]
"GOP Congressman: Obama Impeachment ""Probably Could"" Pass The House",[]
28 Photos That Perfectly Capture How Ridiculous People Are At Bonnaroo,[28]
23 Pictures That Prove Glasses Make Guys Look Obscenely Hot,[23]
"Katy Perry Is Starting Her Own Record Label, Because She Can",[]
What Football Club Should You Root For?,[]
"A New Front On Immigration: N.Y. Legislation Would Let Undocumented Vote, Drive",[]
16 Reasons Teens Should Be Banned From Facebook,[16]
Which Classic Hollywood Actress Are You?,[]
64 Thoughts Every Cat Have When Coming Home For The First Time,[64]
Robert Pattinson Loves “Game Of Thrones” Just As Much As You Do,[]
Florida Killer Is Third Man To Be Executed In The U.S. In Less Than 24 Hours,[24]
These Incredibly Sad Spanish Headlines Need No Translation,[]
21 Things People Don’t Realise Have Lifehacks,[21]
45 Surprising Facts About Your Favorite Fast Food Restaurants,[45]
This Is What It Looks Like To Launch A Fighter Jet Off A Carrier,[]
Kevin Hart Totally Loses It When Jimmy Fallon Makes Him Ride A Roller Coaster,[]
25 Very Real Struggles Of Making New Friends As An Adult,[25]
14 Unusual Sports You Should Be Paying Attention To,[14]
26 People On Whisper You Won’t Believe Actually Exist,[26]
15 Super Cute Matching Daddy And Baby T-Shirts,[15]
How Much Of An Elitist Are You?,[]
12 Movies That Changed The Way You Think About Time,[12]
Read A Congressman’s Internal Talking Points On Deleting A Tweet About Bowe Bergdahl,[]
19 Problems Only Brunettes Can Relate To,[19]
The Definitive Ranking Of Pop Culture Father Figures,[]
A Girl Took A Cardboard Cutout Of Her Late Father Around The World To The Places He Never Got To See,[]
Uruguay Fans Believe They Lost To Costa Rica Because The Team Had 86lbs Of Caramel Spread Confiscated,[]
The 5 Ways You’re Cleaning Your Body Wrong,[5]
"Definitive Proof That The ""Supernatural"" Fandom Has A GIF For Everything",[]
The One Thing You Didn’t Notice About Katy Perry’s “I Kissed A Girl” Will Shock You,[]
"Senator Slams Dr. Oz’s Overuse Of ""Miracle"" When Discussing Diet Products",[]
24 Baby Products Every Music Loving Parent Needs,[24]
15 Things You Didn’t Know About Chick-Fil-A,[15]
52 Songs Dads Love That Can Melt Any Heart,[52]
How Tupac’s Words Changed — And Are Still Changing — The World,[]
This Dog Has A Hilarious Reaction When He Comes Into Contact With A Robot Spider,[]
46 Incredibly Annoying Things People Do On Tinder,[46]
21 Screengrabs That Will Make You Quit Facebook Immediately,[21]
"Tornado Hits South Dakota Town, Destroying Buildings And Trapping People",[]
Proof That Wes Anderson Is The Master Of Making Moving Dioramas,[]
The 35 Dumbest Things That Have Ever Happened,[35]
99 Impossibly Small And Cute Tattoos Every Girl Would Want,[99]
The 18 Absolute Worst Things Overheard At Private School,[18]
17 People Who Took On The English Language And Lost,[17]
"33 Jokes Only ""Game Of Thrones"" Fans Will Understand",[33]
What Kind Of Bear Are You?,[]
"5 'Deviant' Sex Acts That Science Says Are Good For You
on cracked.com ›",[5]
9 Situations When Two Things Came Together For The Better,[9]
21 Couples That Need To Be Stopped,[21]
"Touching Photos Of Normandy Veterans, Then And Now",[]
32 Outrageously Fun Things You'll Want In Your Backyard This Summer,[32]
25 Totally Underrated Things About Being A Single Girl,[25]
15 Cats Who Think They're All That,[15]
"The First 40 ""Game Of Thrones"" Episodes Ranked From Worst To Best",[40]
The 21 Most Important Celebrity Bulges Of All Time,[21]
Dov Charney Dreams Big For American Apparel Even As Its Stock Trades Under $1,[]
10 Things In Life Always Worth Toasting To,[10]
47 Things You Might Not Know About NSYNC,[47]
26 Struggles Everyone From A Big Family Will Understand,[26]
The 26 Most Unfortunate Pictures Ever Taken,[26]
23 Times Smith Jerrod From “Sex And The City” Ruined Men For You Forever,[23]
22 Capybaras Bein’ So Fancy,[22]
"Massive Tornadoes Rip Through Nebraska, Leaving Towns In Ruins",[]
11 Times Sunburns Made Your Life Unbearable,[11]
Reviewing Vintage Cosmo Dating Tips (with The Cast Of Undateable),[]
11 Summer Selfies Ranked By How Often You'll See Them,[11]
The 30 Things That Happen When You Get A Gigantic Zit,[30]
11 Tips For All Travelers In Hong Kong,[11]
10 Things That Prove All Cats Are Introverts,[10]
10 Raunchy Pick-Up Lines That Only Work At The Bowling Alley,[10]
12 Disruptors Responsible For The Internet As We Know It,[12]
13 Animals Who Thought They Could And Did,[13]
"This Guy Trolls Women On Tinder By Sending Them ""Game Of Thrones"" Spoilers",[]
How Passive-Aggressive Are You?,[]
25 Things You Only Realize When You Are About To Turn 25,"[25, 25]"
17 Incredible Things You Didn’t Know About Whole Foods,[17]
This Dog Raised By Cats Will Make Your Day,[]
12 Crazy Ways Soccer Fans Steal The Show,[12]
11 Video Game Fails Imagined In Real Life,[11]
13 Summer Food Hacks You've Got To Try,[13]
10 Fishing Superstitions That Double As Dating Advice,[10]
33 Amazingly Ridiculous Things You’ll See At Every Thrift Store,[33]
"Iranian President’s Lonely, World Cup All-By-His-Selfie",[]
28 Pictures Everyone Needs To Stop Posting On Facebook,[28]
12 Beauty DIYs With Under Three Ingredients,[12]
How Much Stephen King Have You Read?,[]
What Kind Of Bride Should You Actually Be?,[]
The 17 Most Important Man Hugs Of State Of Origin 2014,"[17, 2014]"
The 100 Most Important Dog Photos Of All Time,[100]
How To Turn “Mario Kart” Into The World’s Greatest Drinking Game,[]
This Is The Mask Clint Dempsey Should Wear For The Rest Of The World Cup,[]
Ciara Shares First Photos Of Baby Future,[]
Florida Governor Signs Law Allowing Limited Medical Marijuana Use,[]
35 Of The Most Concerning Autocorrect Fails Of All Time,[35]
Celebrities Read Mean Tweets About Themselves - NBA Edition Part 2,[2]
29 Times Siri Was Actually A Bit Of A Jerk,[29]
15 Bold Moves That Totally Paid Off,[15]
11 Things Every Woman In Her 30s Should Have,[11]
12 Annoyances Only Blondes Understand,[12]
18 Struggles Every Football Fan In India Is Going Through Right Now,[18]
This Hilarious Tampon Ad Perfectly Captures How Awkward Puberty Can Be,[]
"In Landmark Decision, U.S. Patent Office Cancels Trademark For Redskins Football Team
on thinkprogress.org ›",[]
27 Everyday Objects That Went Beyond The Call Of Duty,[27]
NONONO’s Dreamy New Single Will Make You Want To Go Home Again,[]
23 Words That Mean Something Totally Different When You’re In A Long-Term Relationship,[23]
How Sarcastic Are You?,[]
21 Intense Vegan Tattoos,[21]
13 Reasons To Think About Your Dream Job From Childhood,[13]
33 Harry Potter Jokes Even Muggles Will Appreciate,[33]
12 Classic Quotes That Every Fisherman Can Relate To,[12]
11 Beauty Problems You Always Have In The South,[11]
"10 Crazy Close Calls From ""Mountain Men""",[10]
"How To Properly Box As Demonstrated By The Cast Of ""Rocky""",[]
31 New Noodle Dishes To Try,[31]
"Game Of Thrones Actress Lena Headey Cheekily Refuses To Apologize For Instagram...
on vanityfair.com ›",[]
16 Animal Selfies That Just Can't Compete With Cat Selfies,[16]
15 Things We'd Like To Go Back In Time And Tell Ourselves As Kids,[15]
17 Iconic Finnish Snacks You Need In Your Mouth Right Now,[17]
"If You Pay Match.com $5,000 They’ll Set You Up With Someone Who Looks Like Your Ex",[]
This Cat Ran Away 13 Years Ago And Just Returned Home,[13]
Hillary Clinton Told A Revealing Personal Story About Vladimir Putin And It’s Fascinating,[]
A Photographer Recreated Vietnam War Zippo Engravings On Mobile Phones,[]
This Couple’s Incredible Harry Potter-Themed Wedding Puts All Other Weddings To Shame,[]
"A New Front On Immigration: NY Legislation Would Let Undocumented Vote, Drive",[]
18 Awesome Things You Need To Do This Summer,[18]
13 Things You Thought Were True But Aren’t,[13]
"18 Most Popular Kindle Quotes That Aren’t From ""The Hunger Games""",[18]
13 Reasons Why Lana Del Rey And The So Sad Today Twitter Are The Same Person,[13]
Jack Black And James Marsden Ride A Mechanical Bull,[]
Brad Pitt Tosses A Beer To Matthew McConaughey Upon Realizing They Are Neighbors,[]
19 Problems Every Couple Has As Told By Stiles Stilinski,[19]
14 Outlet Stores You Never Knew You Could Shop Online,[14]
12 Away Messages And The True Meanings Behind Them,[12]
What Beach Animal Are You?,[]
Destiny’s Child Reunite For Jesus,[]
11 No-Cleanup Science Projects To Do With Your Kids Tonight,[11]
24 Reasons Summer Sucks For Vegetarians,[24]
This Man Is The Greatest MC You’ve Never Heard Of,[]
President Obama Tickles Giant Talking Robot Giraffe,[]
12 Signs You Live Life In The Fast Lane,[12]
22 Signs You’re The Charlotte York Of Your Friendship Group,[22]
28 Problems Every Type-A Person Will Understand,[28]
"Here’s Something You Didn’t Know You Wanted: ""Game Of Thrones"" As ""The Brady Bunch""",[]
9 Bar Hacks For Your Next Party,[9]
21 Tricks That Took Phone Pranking To A Whole New Level,[21]
This Guy Made An OkCupid Profile That Is So Epically Bad That It’s Actually Perfect,[]
Hillary Clinton’s Hard (Knock) Choices,[]
37 Books Every Creative Person Needs To Read,[37]
What Is Your Spirit Animal?,[]
Shaquille O’Neal Holds World’s Tiniest Coffee Cup,[]
The New York Post’s Report Of Kimye’s Wedding Is Hilariously Grumpy,[]
14 Dogs On Summer Vacation,[14]
13 Things To Love About Nashville,[13]
25 Simple And Elegant Avocado Toasts,[25]
28 Maps That Will Teach You A Damn Thing About Your State For Once,[28]
This Tweet Was A Perfect Joke Five Years In The Making,[]
The 35 Boopiest Boops In The History Of Boop,[35]
23 Invaluable Lessons Music Taught Every ’00s Teen,[23]
29 Signs You’re Really Not A Cat Person,[29]
10 Fashion Lessons Explained By Anna Dello Russo,[10]
14 Important Things You Need To Do This Summer,[14]
20 Things Only People With Cold Hands Understand,[20]
24 Cats That Are Just Really Into You,[24]
16 Animal Selfies That Just Can't Compete With A Catsie,[16]
11 Times A Workout Accidentally Happened,[11]
The Only Thing That Matters From Today’s Big Amazon Phone Event,[]
11 Phone Etiquette Haikus For Your Everyday Life,[11]
10 Times Soccer Broke The Laws Of Physics,[10]
China Sentences 3 People To Death For Beijing Attack,[3]
49 Reasons The Spanish World Cup Team Is Definitively The Hottest World Cup Team,[49]
14 Things Only Gearheads Understand,[14]
38 People Who Are Done With Today,[38]
Truck Driver Charged In Crash That Critically Injures Actor Tracy Morgan,[]
11 Amazing Things You Can Make From Your Trip To The Beach,[11]
90 Things You Haven't Thought About Since The '90s,[90]
7 World Cup Watching Positions,[7]
A 10-Year-Old Girl Saved Her Dad’s Life With A Facebook Post,[]
The 17 Types Of People You See At A Mud Run,[17]
For Anyone That Ever Wondered What Snooki And Chewbacca Would Look Like Together,[]
10 Ways Moms Show They Care,[10]
11 Weekend Projects For Every Mountain Man,[11]
Woman Accused Of Fatally Poisoning Her Son So She Could Post About It On Her Mommy Blog,[]
21 Individuals Who Should Have Just Stayed In Bed Today,[21]
16 Hacks For Epically Bad Hair Days,[16]
The Best Images From The Amazing World Cup Match Between Mexico And Brazil,[]
We Got A Nutritionist To Show Us How Unhealthily We All Eat,[]
The 15 Levels Of Being Hardcore,[15]
22 Reasons Pomegranates Are The World’s Most Wonderful Fruit,[22]
The Bad Erotic Fiction Quiz,[]
14 Ways To Bring Vintage Glamour To Your Wedding,[14]
Terry Richardson Has A Safe Haven In Harper’s Bazaar,[]
24 Traits Of The Bay Area You’ll Miss When You Move Away,[24]
Senators Question Obama's Authority For U.S. Military Strikes In Iraq,[]
What Does Your Name Say About Your Love Life?,[]
Short People Vs. Tall People,[]
Muslim Student Murdered In Essex Came To Britain To Learn English,[]
16 Breathtaking Places In Australia You Won't Believe Are Real,[16]
This Graphic Shows How Americans Spend Money In Real Time,[]
"2 Reasons The Washington Redskins Will Change Their Name, And 2 Reasons They Won’t","[2, 2]"
21 Times Advertisers Were Diabolical Geniuses,[21]
11 Names That Make More Sense For Yoga,[11]
12 Things That Prove Being Blonde Is Hard Work,[12]
15 Times When You Totally Blew Your Cover,[15]
16 Couples Who Need To Be Stopped,[16]
Americans Try Brazilian Snacks For The First Time,[]
Guys Review Vintage Cosmo Tips,[]
The Absolute Most Super Effective Beach Coverups For Summer,[]
Crazy Custom Vehicles That Will Make You Rethink Your Ride,[]
This Photo Of Mariah Carey And Courtney Love Together Is The Strangest Thing You’ll See Today,[]
23 People Who Are Worse At Drinking Than You,[23]
33 Father-Daughter Wedding Dance Moments That Will Melt Your Heart,[33]
Check Out Ok Go’s New Imaginative Music Video For “The Writing’s On The Wall”,[]
41 Thoughts Everyone Has While Watching “Pretty Little Liars”,[41]
10 Moments In Video Game History We'll Never Forget,[10]
Why Humidity Is The Real Enemy,[]
What Tattoo Should You Actually Get?,[]
"Etsy's CEO Talks New Policies, New York's Tech Scene And ""Silicon Valley""",[]
Kim Kardashian’s Boobs Take North West For A Walk,[]
"12 Things We Didn't Realize Everyone Else Does In A Hotel Room, Too",[12]
13 Unique Ways To Photograph Your Big Day,[13]
How Many Romantic Comedies Have You Seen?,[]
One Model Responds To Terry Richardson’s Defense Of Himself,[]
"People Invested $1 Million In An App That Just Says 'Yo'
on thinkprogress.org ›",[]
39 Reasons Studying Abroad In Italy Ruins You For Life,[39]
27 Things You Won't Regret When You're Older,[27]
38 Yahoo Questions That Will Destroy Your Faith In Humanity,[38]
21 Things You Probably Didn’t Know About eBay,[21]
"Joe Biden Visits The U.S. Locker Room After The World Cup Win, Offers To Buy Drinks",[]
14 Hilarious GIFs That Prove Water Is Endlessly Entertaining,[14]
22 Alternative Names To Say “Bye” To Instead Of Felicia,[22]
Hackers Are Using World Cup Fever To Steal Gamers’ Personal Information,[]
Exclusive: New York Times Internal Report Painted Dire Digital Picture,[]
11 Things Every Mom Fears Their Husband Does When They're Not Around,[11]
Angie Martinez Joins Power 105.1,[]
The Definitive Ranking Of World Cup Teams,[]
17 POC To Follow For Wellness Inspiration,[17]
29 Facebook Users Who Must Be Stopped,[29]
T.I. And Azealia Banks Are Beefing On Social Media,[]
17 Interesting Things You Didn’t Know About Apple,[17]
